,freqs,traits,metabolites,resources,density,mean_density
0,0.6666666666666666,0.10000000000000003,1.000000000000584,2.179017586420593,15,19.137862137862136
1,0.631578947368421,0.10000000000000002,0.6000000000018505,2.5900152113267723,19,21.65934065934066
2,0.36363636363636365,0.1,1.4000000000001964,0.9653762183140597,11,17.64135864135864
3,0.48484848484848486,0.1,1.6000000000001666,1.7756649998483298,33,18.191808191808192
4,0.6136363636363636,0.09999999999999996,0.8000000000002168,2.2657093488037745,44,14.84015984015984
5,0.5714285714285714,0.10000000000000002,1.700000000000154,0.9907009769222469,35,19.52047952047952
6,0.18181818181818182,0.10000000000000003,0.8000000000002475,0.8259836879648393,22,15.74025974025974
7,0.48,0.10000000000000002,1.7000000000001125,1.4274925385404047,25,14.962037962037963
8,0.4782608695652174,0.10000000000000003,1.000000000000139,1.6373113223022202,23,17.76223776223776
9,0.42857142857142855,0.10000000000000002,1.1000000000001775,0.8569442908533554,14,16.978021978021978
10,0.6,0.1,1.2000000000002162,0.8595547981722447,5,14.33066933066933
11,0.7692307692307693,0.10000000000000002,0.5000000000003398,0.827717015177843,26,21.625374625374626
12,0.43333333333333335,0.10000000000000003,1.0000000000000269,1.074440953002887,30,19.176823176823177
13,0.8,0.10000000000000002,1.600000000000255,1.0411979079777902,25,19.931068931068932
14,0.25806451612903225,0.10000000000000003,1.400000000000928,0.7559898120131031,31,20.8001998001998
15,0.7272727272727273,0.1,1.4000000000006911,1.3865925907591083,11,19.972027972027973
16,0.8181818181818182,0.1,1.0000000000002651,1.3932647275395462,11,18.312687312687313
17,0.8,0.1,0.6000000000000815,0.9777380341042058,5,15.366633366633366
18,0.5555555555555556,0.1,0.8000000000001128,1.1684930788472072,9,12.64835164835165
19,0.0,0.1,2.600000000000075,1.3140741845586432,4,9.676323676323676
20,0.5365853658536586,0.09999999999999999,1.4000000000002515,2.133399213887728,82,18.95304695304695
21,0.6190476190476191,0.10000000000000002,1.7000000000002102,3.9779266012317964,21,18.091908091908092
22,0.4090909090909091,0.10000000000000003,1.0000000000001408,1.9147628950980013,22,22.293706293706293
23,0.8,0.1,0.4999999999999048,0.7268487461319172,5,15.447552447552447
24,0.3333333333333333,0.10000000000000002,1.0999999999999837,1.1737316223227023,3,16.34965034965035
25,0.3902439024390244,0.09999999999999999,1.7000000000000863,1.5197130446303926,41,12.565434565434565
26,0.23529411764705882,0.1,0.5000000000010029,1.4101351623400196,34,17.07592407592408
27,0.6296296296296297,0.10000000000000002,1.200000000000168,1.2904400830083829,27,15.984015984015983
28,1.0,0.1,1.7999999999998775,0.5944210217644904,2,12.332667332667333
29,0.5405405405405406,0.10000000000000002,1.400000000000209,0.9124169293902253,37,17.78021978021978
30,0.39622641509433965,0.09999999999999996,1.7000000000004998,1.882105345852076,53,21.982017982017982
31,0.5263157894736842,0.10000000000000002,1.300000000000174,1.8466655164008707,38,19.528471528471528
32,0.36923076923076925,0.09999999999999999,0.600000000000242,2.65226332170113,65,25.763236763236762
33,0.16666666666666666,0.09999999999999999,0.8000000000003149,1.2552932556564105,6,10.684315684315685
34,0.6153846153846154,0.09999999999999996,0.3000000000001123,1.5894933939833433,52,13.518481518481519
35,0.07692307692307693,0.10000000000000002,1.100000000000248,1.2779400011840205,13,21.166833166833165
36,0.6153846153846154,0.10000000000000002,1.3000000000002174,0.6596925979585536,13,18.864135864135864
37,0.5769230769230769,0.10000000000000002,0.9000000000000625,0.8411864943289926,26,15.588411588411589
38,0.5,0.10000000000000002,1.0000000000002436,1.0322534353791473,12,15.307692307692307
39,0.4,0.10000000000000002,1.1000000000002021,1.4936963863611457,25,19.66333666333666
40,0.7142857142857143,0.09999999999999999,1.2000000000000806,1.2111131538590925,7,10.227772227772228
41,0.4,0.1,1.2000000000000575,0.9710011280720628,5,12.788211788211788
42,0.6363636363636364,0.1,1.100000000000146,1.8621978830002919,33,21.777222777222775
43,0.38235294117647056,0.1,2.0000000000001403,1.2631974506150858,34,22.7982017982018
44,0.21428571428571427,0.10000000000000002,0.6000000000002677,1.1001179205189902,14,23.384615384615387
45,0.3157894736842105,0.10000000000000002,1.4000000000003254,0.9431688569166753,19,17.895104895104893
46,0.42857142857142855,0.09999999999999999,1.3000000000001501,1.2254777360189828,7,13.067932067932068
47,0.3142857142857143,0.10000000000000002,1.3000000000001968,0.8310164876128302,35,15.403596403596403
48,1.0,0.10000000000000002,1.3000000000000091,0.20325847233529468,3,7.237762237762238
49,0.5357142857142857,0.10000000000000002,1.7000000000001596,0.9574442035983767,28,18.554445554445554
50,0.4444444444444444,0.10000000000000002,0.7000000000005936,2.184467835481199,18,12.013986013986013
51,0.30434782608695654,0.10000000000000003,0.4000000000005984,5.400328420851651,23,15.516483516483515
52,0.37777777777777777,0.09999999999999996,1.000000000000098,2.3741346537883685,45,21.176823176823177
53,0.21052631578947367,0.10000000000000002,1.6000000000010972,2.011871941253107,19,13.83016983016983
54,1.0,0.1,1.5000000000000582,0.8657656051140418,4,16.29270729270729
55,0.8333333333333334,0.09999999999999999,1.1000000000001589,1.2126384017089251,6,15.915084915084915
56,0.2972972972972973,0.10000000000000002,0.6000000000003151,0.6290763761975958,37,28.494505494505493
57,0.5263157894736842,0.10000000000000002,1.300000000000147,0.6791318916148441,19,16.4005994005994
58,0.5609756097560976,0.09999999999999999,0.5000000000001529,1.5753565295888179,41,21.772227772227772
59,0.6964285714285714,0.09999999999999999,1.199999999999179,1.4964033801214407,56,18.456543456543457
60,0.5,0.10000000000000002,0.700000000000099,2.005385312210877,20,17.298701298701296
61,0.5,0.09999999999999998,1.0000000000000926,1.7205844835346997,42,16.68031968031968
62,0.34545454545454546,0.09999999999999995,1.099999999999966,0.8701553000705701,55,9.388611388611388
63,0.2857142857142857,0.09999999999999999,0.800000000000083,0.9004843727407784,7,13.316683316683317
64,0.6,0.10000000000000002,0.6000000000002579,2.345395126832233,20,23.612387612387614
65,0.47058823529411764,0.1,0.40000000000005487,1.6094379213112686,17,15.90909090909091
66,0.625,0.1,0.9000000000001401,1.0522375316578447,16,17.095904095904096
67,0.5,0.10000000000000002,0.8000000000002406,0.469492222995651,12,13.199800199800201
68,0.9,0.1,3.000000000000143,1.3608336162927082,10,13.314685314685313
69,0.08,0.10000000000000002,4.900000000000249,1.0758004126708596,25,17.944055944055943
70,0.3333333333333333,0.09999999999999996,1.1000000000001477,2.5203630340014174,45,24.61938061938062
71,0.5172413793103449,0.10000000000000003,0.8000000000002937,0.8406195903219389,29,22.44955044955045
72,0.375,0.1,1.300000000000523,1.4747455472741122,16,22.596403596403597
73,0.2857142857142857,0.09999999999999999,0.9000000000001513,0.7239847535780287,7,19.376623376623378
74,0.7777777777777778,0.09999999999999999,2.0000000000001026,1.4439330118455243,81,16.27172827172827
75,0.875,0.1,1.1000000000002934,0.7716648917036755,16,21.342657342657343
76,0.5294117647058824,0.1,1.5000000000006812,1.1725547845597573,17,12.152847152847153
77,0.16129032258064516,0.10000000000000003,1.09999999999999,2.1302025629878667,31,18.75824175824176
78,0.5833333333333334,0.10000000000000002,1.7000000000001914,1.7459283753350288,36,13.024975024975024
79,0.6428571428571429,0.09999999999999998,1.000000000000141,1.9077419509199849,42,17.48151848151848
80,0.5,0.1,2.3000000000001704,0.6117880216246776,4,14.825174825174825
81,0.45454545454545453,0.1,0.5000000000004681,0.9070302932188453,11,13.850149850149851
82,0.21052631578947367,0.10000000000000002,1.500000000000036,0.7153138923546146,19,14.731268731268731
83,0.4090909090909091,0.10000000000000003,0.10000000000021095,0.8310721334674626,22,26.775224775224775
84,0.7027027027027027,0.10000000000000002,0.20000000000084497,1.9816544128773699,37,17.397602397602398
85,0.2571428571428571,0.10000000000000002,1.0000000000004787,2.1578407112554316,35,19.676323676323676
86,0.2,0.1,0.7000000000000378,1.3697092136582172,10,15.205794205794206
87,0.5185185185185185,0.10000000000000002,1.0999999999998693,0.5166199240595516,27,22.31968031968032
88,0.175,0.1,0.9000000000002255,1.2958972960826642,40,15.557442557442556
89,0.6153846153846154,0.10000000000000002,1.1000000000001338,0.5637888504957892,13,16.084915084915085
90,0.5555555555555556,0.1,1.9000000000001482,1.1001809093801798,9,15.622377622377622
91,0.5,0.10000000000000002,0.40000000000016045,0.8464306792903344,18,19.913086913086914
92,0.4696969696969697,0.09999999999999998,1.800000000000194,1.0079234149145004,66,26.191808191808192
93,0.0,0.1,1.8000000000001832,1.5634351129273858,10,15.88111888111888
94,0.4375,0.1,1.7000000000001019,2.081932700351536,16,18.8981018981019
95,0.5555555555555556,0.1,1.4000000000001371,0.8011995977910554,9,15.60839160839161
96,0.4444444444444444,0.10000000000000002,2.1000000000001804,0.7166310372348057,18,23.352647352647352
97,0.6666666666666666,0.09999999999999999,2.500000000000184,2.2265460602115934,6,16.664335664335667
98,0.5789473684210527,0.10000000000000002,1.0000000000001819,1.2018741365483296,38,17.722277722277724
99,0.21052631578947367,0.10000000000000002,2.5000000000001616,0.9258106071990442,19,15.607392607392608
100,0.375,0.1,1.1000000000004069,1.1227612795881547,32,29.892107892107894
101,0.5714285714285714,0.09999999999999999,1.100000000000026,1.7416052037554297,7,17.11088911088911
102,0.7777777777777778,0.10000000000000002,1.7000000000001005,2.1641300063299207,18,10.865134865134864
103,0.5555555555555556,0.1,0.40000000000011227,1.9581427489758392,9,10.993006993006993
104,0.43902439024390244,0.09999999999999999,1.5999999999996093,1.4659137240792257,41,15.484515484515484
105,0.0,0.1,1.5000000000000848,1.5911629177345845,8,12.40959040959041
106,0.6923076923076923,0.10000000000000002,1.5000000000001628,1.0048230013884558,13,15.521478521478521
107,0.43333333333333335,0.10000000000000003,0.8999999999986446,1.4983293404933904,30,23.017982017982018
108,0.8571428571428571,0.09999999999999999,1.00000000000022,0.7358909236890517,7,20.835164835164836
109,0.26666666666666666,0.10000000000000003,0.8000000000002598,1.706918183323506,15,17.361638361638363
110,0.7333333333333333,0.10000000000000003,1.1000000000002135,1.0410541005641853,15,16.792207792207794
111,1.0,0.10000000000000002,2.8000000000000727,8.187655519112026,27,21.948051948051948
112,0.4,0.1,0.5000000000001031,2.1837341348009276,5,15.234765234765234
113,0.5806451612903226,0.10000000000000003,1.4000000000001014,1.95772735918585,31,19.583416583416582
114,0.0,0.09999999999999999,1.3000000000019731,0.9358722951827193,7,24.239760239760237
115,0.5517241379310345,0.10000000000000003,0.700000000000673,1.1605261037517518,29,22.887112887112888
116,0.68,0.09999999999999998,1.9000000000001496,1.8110822640979511,50,29.812187812187812
117,0.5,0.09999999999999998,1.7000000000001763,2.266908493011276,50,23.85114885114885
118,0.7647058823529411,0.1,2.500000000001169,0.6850307233850836,17,16.015984015984017
119,0.75,0.1,1.4000000000008594,1.1464792814042888,4,15.306693306693306
120,0.6721311475409836,0.09999999999999996,1.4999999999996807,1.2420133228947343,61,32.45054945054945
121,0.5,0.10000000000000002,1.2000000000002216,1.3811640158848957,38,21.799200799200797
122,0.7142857142857143,0.10000000000000002,0.7000000000002224,1.0396486015192221,21,18.83916083916084
123,0.8214285714285714,0.10000000000000002,1.5000000000009766,0.7921154816920054,28,22.853146853146853
124,0.19642857142857142,0.09999999999999999,1.1000000000001882,0.7651207076257908,56,14.012987012987015
125,0.42857142857142855,0.09999999999999998,0.800000000000742,1.4495901761992012,84,20.78921078921079
126,1.0,0.1,4.000000000000233,1.0119244787115358,9,12.801198801198801
127,0.5,0.10000000000000003,1.4000000000001864,1.5879843722171707,30,23.286713286713287
128,0.6410256410256411,0.10000000000000002,0.8000000000001596,1.8434368411411153,39,15.057942057942057
129,0.6363636363636364,0.10000000000000003,0.8000000000002371,1.1880584610597698,22,19.222777222777225
130,0.7368421052631579,0.10000000000000002,1.3000000000002554,3.2950993260218304,19,22.066933066933068
131,0.09523809523809523,0.10000000000000002,1.8000000000000886,3.6305713207839014,21,13.055944055944057
132,0.42857142857142855,0.10000000000000002,0.20000000000023568,0.880316608936219,14,14.428571428571429
133,0.3333333333333333,0.09999999999999999,1.3000000000002119,0.9685365523034127,6,15.785214785214785
134,0.75,0.1,0.9000000000000464,1.3786174311553596,8,11.03796203796204
135,0.4444444444444444,0.1,1.2000000000001418,0.4222849650112892,9,19.72927072927073
136,0.25,0.1,0.8000000000001336,2.675831278965159,8,15.383616383616385
137,0.75,0.1,0.9000000000003059,0.7899860460694627,16,18.15084915084915
138,0.4,0.1,0.9000000000002029,0.886356664193371,5,14.166833166833166
139,0.288135593220339,0.09999999999999998,1.5000000000002438,1.171445900755601,59,17.92107892107892
140,0.6190476190476191,0.10000000000000002,0.5000000000002129,1.9738764875077406,21,13.472527472527473
141,0.5961538461538461,0.09999999999999996,0.7000000000001491,1.6810393748005588,52,24.113886113886114
142,0.29411764705882354,0.1,1.3000000000000238,0.7525206031485094,17,16.75824175824176
143,0.6923076923076923,0.10000000000000002,1.0999999999898582,2.1483821508097063,13,12.10789210789211
144,0.4927536231884058,0.09999999999999996,1.100000000000883,1.7670187886690898,69,29.612387612387614
145,0.5555555555555556,0.1,1.5000000000000928,1.39185824958639,9,12.192807192807194
146,0.6896551724137931,0.10000000000000003,1.7000000000000766,1.8795989844689165,29,19.96103896103896
147,0.6666666666666666,0.10000000000000002,1.300000000000555,0.7704269261372622,27,25.932067932067934
148,0.29411764705882354,0.1,0.9000000000003978,1.5513625234036457,34,18.443556443556446
149,0.05405405405405406,0.10000000000000002,3.3999999999999813,2.030024230964052,37,16.554445554445554
150,0.4,0.1,0.9000000000001328,1.1278057321391153,5,15.857142857142858
151,0.625,0.10000000000000002,0.9000000000002915,0.9853040885507426,24,26.539460539460542
152,0.5333333333333333,0.10000000000000003,1.4000000000001669,1.5055656364095,30,18.565434565434565
153,0.25,0.1,1.7000000000001527,1.672576497115061,8,12.581418581418582
154,0.7083333333333334,0.10000000000000002,1.0000000000003586,1.302125212459502,24,23.42757242757243
155,0.6190476190476191,0.10000000000000002,1.2999999999997927,1.4025994929121675,21,18.085914085914087
156,0.574468085106383,0.09999999999999995,1.3000000000001606,1.1125539044986086,47,16.066933066933068
157,0.36666666666666664,0.10000000000000003,0.9000000000002708,1.406768677407691,30,26.4025974025974
158,0.5,0.10000000000000002,0.9000000000002449,0.8980157541435309,24,32.650349650349646
159,0.3333333333333333,0.1,0.5000000000001131,1.9426118546251974,9,13.272727272727273
160,0.2692307692307692,0.09999999999999996,0.9000000000004248,1.6549553406085857,52,27.331668331668332
161,0.7428571428571429,0.09999999999999996,0.9000000000003541,1.327392524685896,70,22.582417582417584
162,0.75,0.1,1.1000000000000982,2.0073225745693266,4,8.725274725274726
163,0.3684210526315789,0.10000000000000002,2.500000000000092,1.54255261344588,19,17.4005994005994
164,0.5,0.1,2.800000000000693,1.9221152542354183,2,10.032967032967033
165,0.6,0.1,0.900000000000108,0.5414209659720987,5,11.589410589410589
166,0.5714285714285714,0.10000000000000002,0.20000000000015256,0.6012556468995639,21,16.452547452547453
167,0.8333333333333334,0.10000000000000002,4.000000000001145,1.2896051961295119,24,21.76723276723277
168,0.8421052631578947,0.10000000000000002,1.9000000000002881,0.7417525489585917,19,18.506493506493506
169,0.20454545454545456,0.09999999999999996,1.8000000000009166,0.7806112883473992,44,26.74825174825175
170,0.35294117647058826,0.1,1.200000000000373,0.9476155970024734,17,13.062937062937063
171,0.5862068965517241,0.10000000000000003,0.9000000000001585,1.7023086845885067,29,18.382617382617383
172,0.6666666666666666,0.10000000000000002,1.3000000000002612,1.0579574079483205,21,14.445554445554446
173,0.45454545454545453,0.1,1.0000000000001246,1.7828361819087355,11,11.182817182817184
174,0.52,0.09999999999999998,0.5000000000001048,2.9486992445012365,50,14.017982017982018
175,0.3333333333333333,0.1,0.9000000000000807,2.4780991239190397,9,11.238761238761239
176,0.5,0.10000000000000002,0.8000000000001746,0.7436115570175401,20,16.513486513486512
177,0.42857142857142855,0.10000000000000002,0.9000000000001845,0.9814875329822664,21,22.442557442557444
178,0.11538461538461539,0.10000000000000002,4.10000000000044,2.4302944142876823,26,13.51148851148851
179,0.5625,0.1,1.100000000000176,1.9218140100230001,32,18.38061938061938
180,0.5833333333333334,0.10000000000000002,0.8000000000007597,0.9556838059669471,12,14.497502497502497
181,0.5454545454545454,0.1,1.6000000000002073,0.6698524500473012,11,21.302697302697304
182,0.46153846153846156,0.10000000000000002,0.3000000000001402,0.8347414161683476,26,17.14785214785215
183,0.4375,0.1,1.100000000000236,1.8766474540612483,32,21.973026973026975
184,0.15789473684210525,0.10000000000000002,1.7000000000002702,1.320955869134314,19,18.42757242757243
185,0.5384615384615384,0.10000000000000002,1.4999999999989846,1.9582389577264587,39,15.123876123876123
186,0.5,0.1,2.0000000000011857,2.9052632833104313,16,14.787212787212788
187,0.5365853658536586,0.09999999999999999,0.90000000000003,1.9911046821180516,41,9.598401598401598
188,0.3269230769230769,0.09999999999999996,1.8000000000002183,2.283405401933545,52,15.867132867132867
189,0.47058823529411764,0.1,0.3000000000002954,1.4060125361735538,34,16.605394605394608
190,1.0,0.1,4.000000000000168,0.7976104934894734,8,13.481518481518481
191,0.375,0.1,1.1000000000001886,0.6770143118619814,8,13.454545454545453
192,0.2857142857142857,0.09999999999999999,1.2000000000001614,0.8377506891823224,7,14.565434565434565
193,0.45454545454545453,0.10000000000000003,1.6000000000001806,1.7088191257288168,22,20.361638361638363
194,0.4782608695652174,0.09999999999999995,0.6000000000002956,1.6063009389756415,46,27.560439560439562
195,1.0,0.10000000000000002,2.7000000000000925,1.258730165640911,3,9.080919080919081
196,0.4714285714285714,0.09999999999999996,1.5000000000001583,0.7233369194378209,70,36.73626373626374
197,0.22727272727272727,0.10000000000000003,2.800000000000252,0.6856628461972659,22,26.685314685314687
198,0.5217391304347826,0.10000000000000003,1.8000000000000378,1.4859009353652453,23,15.658341658341659
199,0.25,0.10000000000000002,1.700000000000154,1.8658447119255035,12,14.476523476523477
200,0.5652173913043478,0.10000000000000003,0.10000000000005707,0.6787435600636068,23,17.612387612387614
201,0.7096774193548387,0.10000000000000003,1.5000000000002047,1.0047213290918573,31,17.913086913086914
202,0.52,0.09999999999999998,0.9000000000001958,2.806717159135597,50,17.673326673326674
203,0.6923076923076923,0.10000000000000002,1.5000000000003304,1.6119952139527673,39,16.64835164835165
204,0.14285714285714285,0.09999999999999999,1.7999999999999647,0.6670028312930719,7,10.02097902097902
205,0.2,0.1,0.6000000000001371,0.4917289779523936,5,12.889110889110889
206,0.5294117647058824,0.1,1.3000000000003626,1.4782642313917456,17,23.32067932067932
207,0.75,0.1,0.8000000000001666,1.5739029824194521,8,13.647352647352648
208,0.15,0.10000000000000002,1.10000000000012,1.4713717473430485,20,17.26073926073926
209,0.2857142857142857,0.10000000000000002,1.600000000000414,1.658856763233245,14,29.021978021978022
210,0.6,0.1,0.5000000000000621,1.4121237647097422,5,14.1008991008991
211,0.058823529411764705,0.09999999999999998,16.700000000000458,1.6313533109186107,51,13.856143856143856
212,0.32,0.09999999999999998,0.2000000000003003,1.323005739959741,50,21.50849150849151
213,0.25,0.10000000000000002,1.40000000000017,0.716417205139344,12,18.65934065934066
214,0.4716981132075472,0.09999999999999996,1.400000000000249,1.1219610165703382,53,21.213786213786214
215,0.3333333333333333,0.10000000000000002,0.8000000000002083,0.9618612591594378,3,12.644355644355645
216,0.6363636363636364,0.1,0.9000000000001154,1.05530460337903,11,14.385614385614385
217,0.8,0.1,1.1000000000001326,1.3722319786057524,5,15.251748251748252
218,0.6744186046511628,0.09999999999999998,1.6000000000000338,2.3378506493146936,43,19.15884115884116
219,0.7297297297297297,0.10000000000000002,1.0000000000002083,1.941571039298006,37,13.413586413586412
220,0.4166666666666667,0.10000000000000002,1.6000000000011951,0.936805584068106,36,17.846153846153847
221,0.5,0.10000000000000002,1.0000000000002285,0.965969826496766,24,22.07792207792208
222,0.30952380952380953,0.09999999999999998,1.2000000000002475,1.4922999813678484,42,22.21778221778222
223,0.0,0.1,1.1000000000015542,0.9609459675616564,8,16.964035964035965
224,0.75,0.10000000000000002,1.0000000000003217,1.152701481256095,12,18.132867132867133
225,0.14285714285714285,0.09999999999999999,0.7000000000018071,1.7712854810175658,49,19.27972027972028
226,0.575,0.1,1.0000000000001634,1.2429846960092437,40,22.744255744255746
227,0.45714285714285713,0.10000000000000002,1.1000000000002381,2.3847457392374665,35,21.022977022977024
228,0.4444444444444444,0.1,0.5000000000002045,0.9548884552607944,9,18.24975024975025
229,0.4375,0.1,1.1000000000006271,0.7025874625425621,32,27.343656343656342
230,0.41379310344827586,0.10000000000000003,0.8000000000001023,1.435087435109042,29,10.236763236763236
231,0.5333333333333333,0.10000000000000003,1.2000000000002773,1.6528985928482625,15,24.505494505494504
232,0.2857142857142857,0.10000000000000002,2.1000000000002492,0.9176194123160161,28,22.793206793206792
233,0.6,0.1,1.3000000000010354,1.996522074696665,10,9.782217782217781
234,0.6206896551724138,0.09999999999999998,1.700000000000266,1.6717948926462198,58,29.956043956043956
235,0.8888888888888888,0.1,1.5000000000000782,1.7754025661276105,9,11.54145854145854
236,0.5517241379310345,0.09999999999999998,0.8000000000004942,1.5785052045068981,58,13.245754245754245
237,0.4375,0.1,1.3999999999998465,1.2321931203782897,32,26.541458541458542
238,0.5294117647058824,0.1,1.3000000000001772,0.9189446816772259,17,20.216783216783217
239,0.7692307692307693,0.10000000000000002,1.1000000000003318,0.7758010851587246,26,23.002997002997002
240,0.6666666666666666,0.10000000000000003,1.7000000000004398,1.27964060317094,30,27.421578421578424
241,0.42857142857142855,0.10000000000000002,2.2000000000014963,0.8499279664905489,14,20.000999000999002
242,0.3181818181818182,0.10000000000000003,0.4000000000002041,0.9647214283557389,22,24.156843156843156
243,0.4482758620689655,0.10000000000000003,0.8000000000001611,0.9391276129227879,29,17.796203796203798
244,0.5,0.10000000000000002,1.0000000000001192,1.0694831333696913,24,15.183816183816184
245,0.5,0.10000000000000002,1.2000000000001265,1.3531710512256705,12,11.30969030969031
246,0.23809523809523808,0.10000000000000002,0.6999999999989761,0.8758376350842735,21,17.420579420579422
247,0.25,0.1,1.3000000000000589,1.1197670483966071,4,14.549450549450547
248,0.35,0.10000000000000002,1.1000000000001593,0.8445173822880859,20,17.755244755244753
249,0.40625,0.1,1.1000000000001469,1.0874170128924192,32,20.132867132867133
250,0.75,0.10000000000000002,1.4000000000002029,0.665154452550124,12,22.269730269730267
251,0.7142857142857143,0.10000000000000002,0.6000000000001262,1.9627956238830797,14,18.943056943056945
252,0.0,,1.800000000000111,,0,10.276723276723278
253,0.38461538461538464,0.10000000000000002,1.3000000000004461,1.2787510802535853,13,15.061938061938061
254,0.5833333333333334,0.10000000000000002,0.2000000000001883,1.185220164625524,36,17.017982017982018
255,0.6,0.1,1.1000000000002519,1.139971585095196,40,33.07692307692308
256,0.5454545454545454,0.1,0.7000000000001126,1.6819033350487531,11,12.891108891108892
257,0.782608695652174,0.10000000000000003,1.3999999999889883,1.055209888038253,23,17.07992007992008
258,0.5396825396825397,0.09999999999999995,1.9000000000002055,1.1978977033484288,63,22.645354645354644
259,0.3076923076923077,0.10000000000000002,1.5000000000002096,0.6588790390105902,13,21.2017982017982
260,0.4074074074074074,0.10000000000000002,1.0000000000002285,2.178739712807178,27,16.97902097902098
261,0.5,0.10000000000000002,1.9000000000001,0.7804648402544537,14,16.931068931068932
262,0.125,0.1,1.5000000000010352,1.0273140554428069,8,14.496503496503497
263,0.7647058823529411,0.1,1.6000000000000854,2.382057924055473,34,14.716283716283716
264,0.32,0.09999999999999998,0.8999999999998599,1.7794583695721962,75,16.156843156843156
265,0.2222222222222222,0.10000000000000002,2.9000000000001274,2.184109450915292,18,14.557442557442558
266,0.36363636363636365,0.1,1.7000000000002347,0.7198273332552515,11,20.11088911088911
267,0.5652173913043478,0.10000000000000003,1.000000000000102,1.611362819296865,23,11.934065934065934
268,0.4186046511627907,0.09999999999999998,1.1000000000011543,1.3916415043485397,43,35.128871128871126
269,0.20833333333333334,0.10000000000000002,2.100000000000276,2.176573627772827,24,13.464535464535466
270,0.8235294117647058,0.1,1.4000000000007207,1.0305114071548873,34,11.350649350649352
271,0.4,0.10000000000000002,0.9000000000016518,1.70753026624004,25,19.28771228771229
272,0.631578947368421,0.10000000000000002,1.5000000000025335,0.6441941010591345,19,25.3986013986014
273,0.5925925925925926,0.09999999999999996,1.1999999999998872,1.7297231579572814,54,22.554445554445554
274,0.5714285714285714,0.10000000000000002,0.8999999999999997,1.8472589564099666,14,13.095904095904096
275,0.4444444444444444,0.10000000000000002,2.000000000000002,1.5624585618697406,18,13.716283716283716
276,0.5555555555555556,0.10000000000000002,1.1000000000001338,1.4392659378981196,27,13.312687312687313
277,0.8333333333333334,0.10000000000000003,1.400000000000306,0.6784144322989515,30,21.95104895104895
278,0.17073170731707318,0.09999999999999999,1.3999999999999164,1.9473028175739426,41,14.675324675324676
279,0.7272727272727273,0.1,1.1000000000010426,0.577112967825057,11,16.1008991008991
280,0.5666666666666667,0.10000000000000003,1.1000000000001893,1.137864124779571,30,18.885114885114884
281,0.631578947368421,0.10000000000000002,0.6999999999999778,1.1035816488641284,19,15.744255744255744
282,0.47058823529411764,0.1,1.6000000000003611,1.596473548186388,17,23.571428571428573
283,0.7142857142857143,0.09999999999999999,1.7000000000000735,0.5815338598532671,7,14.317682317682317
284,0.21739130434782608,0.10000000000000003,1.4000000000002233,2.0072828133147724,23,13.079920079920079
285,0.5,0.10000000000000003,1.400000000000194,1.402022069397893,22,15.587412587412587
286,0.32142857142857145,0.10000000000000002,1.000000000000126,1.0471596310188631,28,22.304695304695304
287,0.5294117647058824,0.1,1.500000000000378,0.898353865804421,17,21.586413586413585
288,0.5,0.10000000000000002,1.0000000000001374,1.1516654481148378,24,18.666333666333667
289,0.27419354838709675,0.09999999999999996,1.7000000000003421,1.5706937320987682,62,19.085914085914084
290,0.14285714285714285,0.09999999999999999,0.3000000000003161,1.0892042022881527,7,17.174825174825177
291,0.5,0.1,1.8000000000001286,1.3892813154502734,8,11.517482517482517
292,0.5,0.1,1.1000000000001768,0.2322180240344235,4,10.941058941058941
293,1.0,0.1,0.8000000000001443,1.2022335123242056,1,11.16083916083916
294,0.7222222222222222,0.10000000000000002,1.2000000000001394,6.139388399161811,18,13.89210789210789
295,0.8157894736842105,0.10000000000000002,1.5000000000018812,1.8684636701000163,38,16.426573426573427
296,0.1111111111111111,0.10000000000000002,0.7000000000002455,1.0600492538425597,18,16.717282717282718
297,0.6,0.1,0.6000000000012493,1.0260155847617303,5,12.17882117882118
298,0.07692307692307693,0.10000000000000002,1.4000000000002646,0.41552177536830537,13,17.97102897102897
299,0.6,0.10000000000000003,1.600000000000258,2.057911222973717,15,23.281718281718284
300,0.819672131147541,0.09999999999999996,2.6000000000001227,2.0276441539344523,61,16.23976023976024
301,0.52,0.10000000000000002,1.800000000000522,2.932727977572827,25,12.547452547452547
302,0.5,0.10000000000000002,1.700000000001209,0.9859863171069837,26,22.925074925074924
303,0.45454545454545453,0.1,0.9000000000002164,2.07410702073713,33,13.533466533466534
304,0.3125,0.1,1.3000000000003107,0.5810849501150723,16,16.1018981018981
305,0.2,0.1,1.100000000000153,1.5494645647078351,5,12.402597402597403
306,0.5294117647058824,0.1,0.9000000000001497,0.9178622012488006,17,25.974025974025974
307,0.2,0.1,1.7000000000002267,0.6994793170370629,5,16.47852147852148
308,0.68,0.10000000000000002,1.0000000000001974,2.0154511320063495,25,14.372627372627372
309,0.5,0.1,1.300000000000734,0.7325923914885899,2,8.761238761238761
310,0.23076923076923078,0.09999999999999996,0.6000000000005828,1.698026711388835,52,25.14185814185814
311,0.3333333333333333,0.10000000000000002,1.2000000000001103,1.2969180703209335,21,10.414585414585414
312,0.7741935483870968,0.10000000000000003,1.0000000000002753,2.1213940348819746,31,16.223776223776223
313,0.5,0.1,1.300000000000113,1.742737097390834,8,14.390609390609391
314,0.3870967741935484,0.10000000000000003,0.5999999999999817,1.9939547324084066,31,21.31368631368631
315,0.3181818181818182,0.10000000000000003,0.7000000000001457,0.7554651439694734,22,18.462537462537462
316,0.5263157894736842,0.10000000000000002,1.300000000000415,0.7080602725606142,19,22.280719280719282
317,0.4,0.1,1.600000000000167,0.6805830740651361,10,16.7992007992008
318,0.8333333333333334,0.09999999999999999,1.200000000000002,0.33670920416383193,6,13.046953046953046
319,0.7272727272727273,0.1,0.9000000000001656,2.051085635070717,11,20.15084915084915
320,0.35135135135135137,0.10000000000000002,1.1000000000002874,1.6787180325017108,37,23.838161838161838
321,0.8333333333333334,0.10000000000000002,2.400000000000332,1.136168708722674,12,16.77122877122877
322,0.7380952380952381,0.09999999999999998,1.3000000000004244,1.874528000978044,42,19.59140859140859
323,0.4666666666666667,0.10000000000000003,1.2000000000005613,0.8387742948284538,15,18.7972027972028
324,0.6944444444444444,0.10000000000000002,1.4999999999997662,2.7928275816339836,36,13.097902097902098
325,0.16666666666666666,0.09999999999999999,1.4000000000003596,0.9462049671045546,6,18.41158841158841
326,0.23684210526315788,0.10000000000000002,1.2000000000002387,3.4154813565560094,38,18.5024975024975
327,0.84,0.10000000000000002,1.2000000000005993,1.4106600045724975,25,20.887112887112885
328,1.0,0.10000000000000002,0.5000000000001104,1.0487284497300753,3,13.353646353646354
329,0.5384615384615384,0.10000000000000002,1.0000000000001774,1.1816039105527552,13,14.684315684315685
330,0.5,0.10000000000000002,0.9000000000004388,1.4462953931350018,12,15.086913086913087
331,0.16666666666666666,0.10000000000000002,1.2000000000001276,1.2322948835671605,12,11.857142857142858
332,0.9090909090909091,0.1,0.20000000000013665,1.4903525655918735,11,13.904095904095904
333,0.7857142857142857,0.10000000000000002,1.2000000000003161,1.9090206720775957,14,19.278721278721278
334,0.15,0.10000000000000002,2.0000000000003006,1.0857444985992606,20,23.8001998001998
335,0.3235294117647059,0.1,1.2000000000001232,1.2582850341166627,34,13.761238761238761
336,0.46153846153846156,0.10000000000000002,0.9000000000002447,1.9114463169244105,13,18.792207792207794
337,0.3076923076923077,0.10000000000000002,1.1000000000003902,2.223884245196174,39,28.48051948051948
338,0.23076923076923078,0.10000000000000002,0.9000000000002194,1.2862754990154812,13,21.977022977022976
339,0.5,0.10000000000000002,1.6000000000000931,1.661475746342346,26,12.186813186813186
340,0.6666666666666666,0.09999999999999999,0.5000000000002587,1.5488946585518857,6,10.867132867132867
341,0.5,0.1,1.4000000000001587,1.3019531390230206,8,18.095904095904096
342,0.5737704918032787,0.09999999999999996,0.8000000000001741,1.5673927210168677,61,13.585414585414586
343,0.11428571428571428,0.10000000000000002,1.7999999999936986,2.4588930414125065,35,21.05994005994006
344,0.3333333333333333,0.09999999999999999,1.300000000000242,0.9333975834661489,6,14.615384615384615
345,0.2857142857142857,0.09999999999999998,1.7000000000001902,3.2238039252680855,42,16.561438561438564
346,0.36363636363636365,0.1,1.600000000000168,1.1405194929905709,33,21.282717282717282
347,0.75,0.1,1.2000000000001636,0.8861376531986543,8,17.35564435564436
348,0.6,0.1,0.7000000000003078,1.4746025848582751,5,17.71228771228771
349,0.2857142857142857,0.09999999999999999,0.10000000000035061,1.2269590374868236,7,19.185814185814188
350,0.6571428571428571,0.10000000000000002,1.2000000000000068,1.710401601876096,35,17.38761238761239
351,0.75,0.1,0.9000000000008992,1.7034937465873172,8,14.92107892107892
352,0.6666666666666666,0.1,0.4999999999998077,0.7828926478204016,9,11.226773226773226
353,0.6176470588235294,0.1,1.1000000000001104,1.4739304759099128,34,10.796203796203796
354,0.40625,0.1,0.40000000000004077,2.6458761224307827,32,14.848151848151847
355,0.391304347826087,0.10000000000000003,1.1000000000001269,0.7009218111280688,23,10.90909090909091
356,0.3333333333333333,0.10000000000000002,1.5000000000002411,1.6950940278168958,27,15.306693306693306
357,0.45,0.10000000000000002,1.3000000000000775,2.2448457227146483,20,12.551448551448551
358,0.19230769230769232,0.10000000000000002,1.0000000000004583,1.49838865099609,26,25.735264735264735
359,0.6666666666666666,0.10000000000000002,1.6000000000003995,1.6476097821605373,27,26.337662337662337
360,0.6,0.1,1.2000000000000672,0.9015650918595934,10,17.79220779220779
361,0.1,0.1,0.900000000000484,1.3217425017571156,10,15.704295704295705
362,0.6511627906976745,0.09999999999999998,1.0000000000001887,1.9207593976882735,43,25.77122877122877
363,0.4,0.1,0.800000000000141,1.0803573429213924,5,15.426573426573427
364,0.3333333333333333,0.10000000000000003,1.7000000000001305,0.9501703873063075,15,13.532467532467532
365,0.9166666666666666,0.10000000000000002,0.8000000000002814,0.7784156856543549,12,15.175824175824175
366,0.2857142857142857,0.10000000000000002,1.9000000000001567,1.7148041335690176,14,12.752247752247753
367,0.6666666666666666,0.10000000000000002,0.5000000000000672,1.782615035806144,21,15.274725274725274
368,0.8,0.1,0.9000000000001026,1.0505789310619338,5,10.574425574425575
369,0.8260869565217391,0.10000000000000003,2.4000000000002637,1.402798613462555,23,13.50949050949051
370,0.4827586206896552,0.10000000000000003,1.7000000000002378,1.2922407070499917,29,17.484515484515484
371,0.46511627906976744,0.09999999999999998,0.700000000000177,1.860888045044135,43,18.827172827172827
372,0.45454545454545453,0.1,1.7000000000002147,1.2276474185441046,11,19.006993006993007
373,0.8387096774193549,0.10000000000000003,2.0000000000002194,0.7731773108492783,31,17.966033966033965
374,0.7142857142857143,0.09999999999999999,0.6000000000000764,0.5541156375909485,7,10.79020979020979
375,0.25,0.1,1.500000000000289,1.4935591791203855,16,15.557442557442558
376,0.39285714285714285,0.10000000000000002,0.40000000000018077,2.070029029431182,28,14.766233766233768
377,0.6190476190476191,0.10000000000000002,0.3000000000001826,1.0057856574980535,21,10.903096903096904
378,0.6666666666666666,0.10000000000000003,1.7000000000000401,0.702047823840137,15,19.0979020979021
379,0.8,0.1,1.0000000000004645,0.5805221798051574,10,13.086913086913087
380,0.15,0.10000000000000002,2.400000000000507,1.1064746514992458,20,26.433566433566433
381,0.5333333333333333,0.10000000000000003,1.5000000000000766,1.0806034763532617,15,18.752247752247754
382,0.75,0.10000000000000002,1.1000000000001529,0.883752042177701,28,21.555444555444552
383,0.16666666666666666,0.09999999999999999,0.7999999999999874,1.0102185157010968,6,13.153846153846153
384,0.6097560975609756,0.09999999999999999,1.7000000000010123,1.370436971069924,41,23.323676323676324
385,0.4,0.1,1.7000000000002538,0.554852378211297,5,20.353646353646354
386,0.5,0.09999999999999999,1.000000000000129,2.2168503377213464,6,14.772227772227772
387,0.4,0.1,1.5000000000001346,0.903798689222857,10,12.418581418581418
388,0.16666666666666666,0.10000000000000002,0.8000000000001448,2.2327398693514326,18,11.032967032967033
389,0.6025641025641025,0.09999999999999996,1.4000000000000314,1.8075002623787602,78,23.03996003996004
390,0.6086956521739131,0.10000000000000003,1.3000000000001224,4.019628087695047,23,11.800199800199799
391,0.24,0.10000000000000002,1.1000000000001895,0.8831875186199185,25,18.64935064935065
392,0.4375,0.1,1.3000000000002945,1.4101023620698105,32,21.85414585414585
393,0.10526315789473684,0.10000000000000002,0.4000000000003061,0.7838741257315993,19,27.218781218781217
394,0.42857142857142855,0.10000000000000002,2.100000000000185,0.5113560537530136,14,21.83916083916084
395,0.23076923076923078,0.10000000000000002,1.5000000000014055,0.7780351838718691,13,16.16883116883117
396,0.6363636363636364,0.1,1.0000000000002225,1.174455416736566,11,19.044955044955046
397,0.6818181818181818,0.10000000000000003,1.5000000000011697,1.8900408329502112,22,14.86213786213786
398,0.5185185185185185,0.10000000000000002,1.1000000000002093,0.7510923183185175,27,18.234765234765234
399,0.7916666666666666,0.10000000000000002,3.2000000000002675,1.5564628450299025,24,21.8011988011988
400,0.6666666666666666,0.10000000000000002,0.7000000000015918,0.702774707214934,18,18.17782217782218
401,0.7708333333333334,0.09999999999999999,1.3000000000007088,1.9339252124929691,48,18.334665334665335
402,0.2857142857142857,0.10000000000000002,1.600000000001117,1.6570257747472266,14,15.285714285714285
403,0.6153846153846154,0.10000000000000002,1.0000000000005655,3.4482346069261847,39,18.7982017982018
404,0.4,0.10000000000000003,1.5000000000004383,0.41897952015747314,15,21.66933066933067
405,0.4,0.1,0.9000000000001506,1.2238820847482514,5,13.154845154845155
406,0.5862068965517241,0.10000000000000003,1.100000000000315,0.6762576638620521,29,21.994005994005995
407,0.48,0.10000000000000002,0.9000000000006445,2.076957535987889,25,11.84015984015984
408,0.6666666666666666,0.10000000000000003,1.5000000000005693,2.655787695128807,30,21.54045954045954
409,0.26666666666666666,0.10000000000000003,0.8000000000000924,1.2008283043820347,15,21.764235764235764
410,0.2,0.10000000000000003,1.5000000000008902,1.0361056005601141,30,16.310689310689312
411,0.8571428571428571,0.10000000000000002,0.900000000000289,0.8028246856211466,28,17.883116883116884
412,0.72,0.10000000000000002,0.2000000000002379,1.3954210074554942,25,15.827172827172827
413,0.46,0.09999999999999998,1.1000000000001031,2.1515793584651464,50,19.15084915084915
414,0.75,0.1,1.7000000000001445,0.9742402107619883,4,12.906093906093908
415,0.5714285714285714,0.09999999999999999,1.9000000000001576,1.4540654984503918,7,17.836163836163834
416,0.6666666666666666,0.10000000000000002,1.5000000000002407,1.2064220314459997,18,23.620379620379623
417,0.6086956521739131,0.10000000000000003,0.9000000000001374,0.8023319247604621,23,22.577422577422578
418,0.35714285714285715,0.10000000000000002,1.0000000000001301,1.6524001048440844,14,14.393606393606394
419,0.3333333333333333,0.09999999999999999,1.6000000000002172,5.267749369089213,6,15.696303696303696
420,0.5333333333333333,0.10000000000000003,1.3999999999999837,0.8895753643976466,15,15.005994005994005
421,0.4,0.10000000000000002,1.2000000000001618,3.6960508438673023,20,14.748251748251748
422,0.5238095238095238,0.10000000000000002,1.5000000000001537,1.4768895494797427,21,19.912087912087912
423,1.0,0.1,1.3000000000004857,0.43593316738804894,4,17.15284715284715
424,0.25,0.1,2.3000000000030405,1.7518798253634906,8,14.437562437562438
425,0.3,0.10000000000000002,0.8000000000003485,1.9113279527993232,20,17.36963036963037
426,0.21428571428571427,0.10000000000000002,0.40000000000021574,0.8824279856339841,14,19.27072927072927
427,0.42857142857142855,0.10000000000000002,1.4000000000003525,1.1003102711223107,14,21.434565434565435
428,0.8181818181818182,0.10000000000000003,1.8000000000003,1.1538468783560432,22,23.195804195804193
429,0.5454545454545454,0.1,1.100000000000097,0.9877886859320969,11,12.594405594405593
430,0.7741935483870968,0.10000000000000003,0.4000000000002054,2.6999767810986293,31,14.010989010989011
431,0.6451612903225806,0.10000000000000003,1.5000000000002438,2.402455070361733,31,17.844155844155843
432,0.625,0.1,1.000000000000155,0.6155888830971326,8,17.584415584415584
433,0.0,0.10000000000000002,0.6999999999985589,0.600024623070634,3,13.776223776223777
434,0.5238095238095238,0.09999999999999998,1.0000000000001772,1.0012939867315713,42,25.23976023976024
435,0.3076923076923077,0.10000000000000002,1.200000000000256,1.1532258327624882,13,24.391608391608393
436,0.5714285714285714,0.10000000000000002,0.7000000000002597,1.3373556918591316,21,16.215784215784215
437,0.0,0.1,1.2000000000001216,0.9761063820282602,1,11.685314685314687
438,0.5238095238095238,0.10000000000000002,1.3000000000008605,2.1082529398718353,21,22.091908091908092
439,0.21212121212121213,0.1,0.8000000000002225,1.1076879213062802,33,21.234765234765234
440,0.23076923076923078,0.10000000000000002,0.700000000000254,1.1397268748695077,13,20.964035964035965
441,0.38095238095238093,0.10000000000000002,1.3000000000001062,2.9616343025401566,21,19.896103896103895
442,0.0,0.10000000000000002,1.1000000000001078,1.7349357517670878,3,13.572427572427571
443,0.4444444444444444,0.10000000000000002,0.5000000000008088,2.5816283482890956,18,13.994005994005995
444,0.4,0.10000000000000003,1.000000000000191,0.948536122275994,15,19.363636363636363
445,0.35714285714285715,0.10000000000000002,1.0000000000003157,2.2114553418933416,14,16.99200799200799
446,0.5,0.10000000000000002,1.0000000000000824,0.7758724441979786,18,12.786213786213786
447,0.5,0.1,1.0000000000002203,0.5765773004966219,4,16.942057942057943
448,0.1956521739130435,0.09999999999999995,1.6000000000002481,1.790225083020306,46,15.16983016983017
449,0.4411764705882353,0.1,1.2000000000000055,1.8841251187571382,34,12.089910089910092
450,0.45454545454545453,0.1,1.3000000000002099,2.082937092240594,11,21.77122877122877
451,0.8,0.1,1.4000000000001052,0.40572036962181796,10,19.32967032967033
452,0.42857142857142855,0.09999999999999999,1.5000000000012448,2.2582618534953594,7,13.39160839160839
453,0.6666666666666666,0.10000000000000002,1.2000000000001227,1.3961228542330133,3,11.833166833166832
454,0.42105263157894735,0.09999999999999998,1.5000000000003442,2.647486371944482,76,25.43956043956044
455,0.5333333333333333,0.10000000000000003,0.800000000000204,0.7159143667426042,15,19.437562437562438
456,0.4897959183673469,0.09999999999999999,0.6000000000001563,2.5045167512471758,49,20.275724275724276
457,0.6590909090909091,0.09999999999999996,1.60000000000022,0.9517791633770255,44,24.79220779220779
458,0.4878048780487805,0.09999999999999999,1.1000000000001522,1.825940397456235,41,17.10989010989011
459,0.4,0.1,0.8000000000001406,3.153206238684964,5,13.10989010989011
460,0.5833333333333334,0.10000000000000002,0.400000000000159,0.6966888927842279,12,14.285714285714285
461,0.6333333333333333,0.10000000000000003,0.9000000000002728,1.225193342168607,30,21.646353646353646
462,0.6666666666666666,0.10000000000000002,0.5000000000001845,0.6478196973337034,12,12.966033966033965
463,0.52,0.10000000000000002,1.2000000000001232,2.2099097766865032,25,15.578421578421578
464,0.9090909090909091,0.1,0.5000000000000824,1.2372805929361075,11,14.214785214785215
465,0.5,0.1,0.5000000000006625,1.1707484975952263,32,18.025974025974026
466,0.3076923076923077,0.10000000000000002,0.5000000000001839,1.3879581812843205,13,17.918081918081917
467,0.7142857142857143,0.10000000000000002,2.100000000000402,1.1789807660591303,14,19.66133866133866
468,0.4230769230769231,0.10000000000000002,1.2000000000004152,1.0146704468113055,26,18.37862137862138
469,0.3333333333333333,0.09999999999999999,0.30000000000010574,0.8499455110689391,6,12.952047952047952
470,0.5714285714285714,0.09999999999999999,1.7000000000002127,0.8768753141506649,7,18.326673326673326
471,0.6,0.1,0.9000000000001032,0.7378018507925467,10,14.061938061938061
472,0.7142857142857143,0.10000000000000002,2.0000000000000964,0.8403971792052509,14,16.773226773226774
473,0.5517241379310345,0.10000000000000003,1.300000000000137,1.0434138073232702,29,13.397602397602398
474,0.6666666666666666,0.10000000000000002,1.20000000000014,1.8360786926033896,12,22.28771228771229
475,0.44,0.10000000000000002,1.400000000000134,1.5341534408529327,25,12.716283716283716
476,0.717948717948718,0.10000000000000002,1.7000000000002413,1.1170366245653296,39,15.026973026973028
477,0.5555555555555556,0.1,0.6000000000001594,1.409527113475911,9,12.595404595404595
478,0.7368421052631579,0.10000000000000002,1.5000000000001557,1.490001243893105,38,14.030969030969032
479,0.5,0.1,0.7000000000001242,0.6304127584623034,2,12.15884115884116
480,0.3611111111111111,0.10000000000000002,0.4000000000001105,2.021820254838331,36,15.48951048951049
481,0.2727272727272727,0.1,1.3000000000000664,1.4093841571792152,11,14.964035964035965
482,0.6086956521739131,0.10000000000000003,2.100000000000173,1.6115297657429084,23,18.404595404595405
483,0.4,0.10000000000000003,1.3000000000001402,0.8212249235682104,15,12.207792207792208
484,0.3333333333333333,0.10000000000000002,1.5000000000003189,0.8442998989707919,18,16.6993006993007
485,0.25806451612903225,0.10000000000000003,1.2000000000001108,3.3046321013093842,31,14.584415584415584
486,0.5641025641025641,0.10000000000000002,0.9000000000002237,3.1063425115826675,39,18.209790209790206
487,0.39285714285714285,0.10000000000000002,1.1000000000000574,2.0155099517683044,28,11.269730269730271
488,0.4888888888888889,0.09999999999999996,2.1000000000001764,0.9637537498826622,45,30.154845154845155
489,0.4,0.10000000000000003,1.7000000000002053,1.8423985995433834,15,19.70929070929071
490,0.4827586206896552,0.10000000000000003,1.199999999999986,1.8090186414103073,29,25.05994005994006
491,0.7333333333333333,0.10000000000000003,0.4999999999998951,1.3408318596638973,15,17.877122877122876
492,0.7647058823529411,0.1,1.100000000000207,1.5155995791245473,17,14.802197802197803
493,0.5,0.10000000000000002,1.2000000000001745,1.8787929919335968,20,17.26673326673327
494,1.0,0.10000000000000002,2.0000000000001785,1.397418304647915,3,14.544455544455545
495,0.11764705882352941,0.1,2.0000000000005214,0.9154202225858954,17,19.566433566433567
496,0.3,0.10000000000000002,1.4000000000003607,1.2621254718917965,20,19.883116883116884
497,0.0,0.1,1.4000000000001207,1.2022806199621356,4,19.223776223776223
498,0.5833333333333334,0.10000000000000002,0.5000000000000728,1.020629190125019,12,17.87012987012987
499,0.5,0.10000000000000002,1.4000000000007624,1.7604040826392544,18,22.429570429570433
500,0.5,0.09999999999999999,0.8000000000000647,0.4702131405355525,6,18.66033966033966
501,0.7368421052631579,0.10000000000000002,1.1000000000001888,0.7380952350389895,19,24.63136863136863
502,0.6666666666666666,0.10000000000000002,1.4999999999996987,1.0260495944897963,12,10.782217782217781
503,0.5185185185185185,0.10000000000000002,0.6000000000000922,1.0218937522815763,27,9.993006993006993
504,0.7241379310344828,0.10000000000000003,1.1000000000005725,1.4996172498880191,29,26.721278721278722
505,0.7391304347826086,0.10000000000000003,0.40000000000099123,1.0631039281897146,23,17.757242757242757
506,0.46153846153846156,0.10000000000000002,1.4000000000001476,1.4825025013908424,13,16.376623376623378
507,1.0,0.1,3.1000000000001426,1.2397546945316344,4,13.723276723276722
508,0.625,0.1,1.1000000000001156,0.9250637497978895,8,15.256743256743258
509,0.7714285714285715,0.10000000000000002,2.300000000000529,1.3247030866628375,35,26.734265734265733
510,0.5555555555555556,0.1,0.6000000000001594,0.707764829281032,9,15.406593406593407
511,0.3684210526315789,0.10000000000000002,0.5000000000002338,1.5501010023274644,38,29.849150849150853
512,0.9230769230769231,0.10000000000000002,1.100000000000414,0.785169408937453,13,13.28171828171828
513,0.5263157894736842,0.10000000000000002,1.2000000000001592,1.0267018540940447,19,15.699300699300698
514,0.5714285714285714,0.10000000000000002,1.2000000000000968,1.2044936922021967,14,19.92907092907093
515,0.7692307692307693,0.10000000000000002,0.4000000000002599,1.0374090974683485,13,20.557442557442556
516,1.0,0.10000000000000002,1.7000000000002113,1.4088396404655323,3,15.036963036963037
517,0.47058823529411764,0.09999999999999998,1.2000000000001287,2.067904492391975,51,17.634365634365633
518,0.2857142857142857,0.09999999999999999,1.2000000000001787,0.9210529961749788,7,15.382617382617383
519,0.2857142857142857,0.10000000000000002,1.9000000000002957,1.1772620240577587,21,20.515484515484516
520,0.6666666666666666,0.10000000000000002,1.2000000000005533,1.9722598657277293,21,21.975024975024972
521,0.38461538461538464,0.10000000000000002,0.30000000000018234,2.0000222165198296,39,21.82117882117882
522,0.6875,0.1,0.500000000000171,1.1695766754405978,16,18.9000999000999
523,0.6071428571428571,0.10000000000000002,1.4000000000001898,2.5107333790207496,28,16.369630369630368
524,0.4074074074074074,0.10000000000000002,1.400000000000619,1.752572857335744,27,19.844155844155843
525,0.42424242424242425,0.1,0.40000000000014213,1.9212845214511731,33,21.92807192807193
526,0.8,0.1,1.20000000000019,0.9358532299192579,10,16.073926073926074
527,0.5,0.1,1.100000000000128,1.3527923142116032,4,13.465534465534464
528,0.4666666666666667,0.10000000000000003,1.2000000000001965,0.6014481941115907,15,22.537462537462538
529,0.45901639344262296,0.09999999999999996,0.6000000000007267,1.836723518423843,61,14.501498501498501
530,0.6363636363636364,0.09999999999999998,1.800000000000034,2.160028302612878,66,15.96803196803197
531,0.6956521739130435,0.10000000000000003,1.3000000000002827,0.9159862669938716,23,23.375624375624376
532,0.25,0.1,1.0000000000001434,0.9247650619936518,16,18.73826173826174
533,0.325,0.1,1.000000000000302,0.9073879416959922,40,19.657342657342657
534,0.6666666666666666,0.10000000000000003,0.5000000000002053,2.5533472181295873,15,16.969030969030968
535,0.39344262295081966,0.09999999999999996,2.300000000000135,2.0220904145187575,61,28.072927072927072
536,0.4444444444444444,0.10000000000000002,1.20000000000034,0.852448021148299,18,20.93006993006993
537,0.75,0.1,0.5000000000000798,0.6909888397675599,4,14.827172827172827
538,0.5,0.10000000000000002,1.0000000000004152,0.7496989435834179,18,20.91008991008991
539,0.1935483870967742,0.09999999999999996,1.3000000000003034,1.9401567431637399,62,31.473526473526476
540,0.46153846153846156,0.10000000000000002,1.0000000000001594,0.5288101337732332,13,12.469530469530469
541,0.41935483870967744,0.10000000000000003,1.5000000000013847,1.9910323763336153,31,19.27772227772228
542,0.4444444444444444,0.1,1.3999999999999362,1.6842589402679045,9,16.45954045954046
543,0.43478260869565216,0.10000000000000003,1.0000000000005933,1.3836343007197112,23,16.275724275724276
544,0.68,0.10000000000000002,1.60000000000014,1.2919729379404998,25,23.527472527472526
545,0.22580645161290322,0.10000000000000003,1.3000000000003697,0.7394704333322747,31,19.024975024975024
546,0.75,0.10000000000000002,0.400000000000252,2.0218684656851713,12,15.355644355644355
547,0.8571428571428571,0.10000000000000002,0.6000000000002512,1.5211819858456852,21,20.0999000999001
548,0.0,0.09999999999999999,1.6000000000001962,1.0366271073752698,6,13.999000999000998
549,0.6,0.1,1.000000000000369,1.7536091965676088,10,14.308691308691309
550,1.0,0.1,1.7000000000001352,3.1568726388697543,1,9.32867132867133
551,0.7,0.10000000000000003,0.8000000000003374,1.3526696337080695,30,21.888111888111887
552,0.5,0.1,1.0000000000000755,0.8041522451562679,10,8.73026973026973
553,0.46153846153846156,0.10000000000000002,1.1000000000001724,1.2628836356773978,39,18.438561438561436
554,0.5833333333333334,0.10000000000000002,1.6999999999999855,0.8587510353593507,12,17.674325674325672
555,0.21052631578947367,0.10000000000000002,0.700000000000419,0.980902093822727,19,26.314685314685313
556,0.6666666666666666,0.10000000000000002,1.1999999999999968,0.5290060109402325,3,11.477522477522477
557,0.1864406779661017,0.09999999999999998,0.7000000000002908,1.0447909274776632,59,18.455544455544455
558,0.5142857142857142,0.10000000000000002,1.1999999999967028,1.0354964353883094,35,10.719280719280718
559,0.6363636363636364,0.1,0.7000000000000952,0.9906131314978659,11,11.350649350649352
560,0.5263157894736842,0.10000000000000002,1.300000000000876,1.0786691460435538,19,27.62937062937063
561,0.2972972972972973,0.10000000000000002,1.2000000000004232,1.9331121417748947,37,23.413586413586415
562,0.5,0.1,1.200000000001389,2.0854653949283044,32,13.005994005994006
563,0.8,0.1,0.9000000000004011,1.0696700220460984,5,13.254745254745256
564,0.7083333333333334,0.10000000000000002,1.2000000000002893,1.1585552253636588,24,19.25974025974026
565,0.5769230769230769,0.10000000000000002,0.400000000000695,1.1997639991236515,26,23.516483516483518
566,0.75,0.1,2.500000000000189,1.943197239423552,16,13.098901098901099
567,0.6944444444444444,0.09999999999999999,1.2000000000002138,1.2197467367654804,72,31.547452547452547
568,0.6875,0.1,1.1000000000001546,0.6703362022204434,16,12.920079920079921
569,0.5581395348837209,0.09999999999999998,1.7000000000001658,1.5514016433426514,43,17.60939060939061
570,0.5,0.1,1.600000000000159,1.750577278691082,4,14.956043956043956
571,0.48717948717948717,0.10000000000000002,1.5000000000001064,1.9493673294141864,39,20.744255744255746
572,0.4444444444444444,0.1,2.2000000000002458,0.865927238984674,9,15.86213786213786
573,0.4222222222222222,0.09999999999999996,1.5000000000002358,1.9595753291143774,45,19.20779220779221
574,0.5454545454545454,0.09999999999999996,1.300000000000146,1.285817936372563,44,17.66133866133866
575,0.38235294117647056,0.1,1.1999999999999786,1.2684387373414117,34,13.743256743256744
576,0.21428571428571427,0.10000000000000002,0.8000000000001424,1.4017214403111495,14,16.409590409590407
577,0.25,0.1,1.100000000000138,1.4234971850505782,4,14.002997002997002
578,0.09090909090909091,0.1,2.500000000000558,1.4495723666116331,11,17.32167832167832
579,0.9047619047619048,0.10000000000000002,2.200000000000209,0.975116930514224,21,16.093906093906092
580,0.42857142857142855,0.10000000000000002,1.500000000000184,1.4552413359207281,21,18.01298701298701
581,0.0,,1.700000000000087,,0,11.016983016983017
582,1.0,0.1,1.8000000000001442,0.8066381261907791,4,12.087912087912088
583,0.6296296296296297,0.10000000000000002,1.6000000000001178,1.8704120685001255,27,13.042957042957044
584,0.7333333333333333,0.10000000000000003,0.7000000000003358,0.8262347325529548,15,19.61938061938062
585,0.3,0.1,1.5999999999968348,0.9395722052412466,10,19.56743256743257
586,0.6571428571428571,0.09999999999999996,1.0000000000005342,1.3493179792657763,70,23.966033966033965
587,0.4117647058823529,0.1,1.5000000000003713,1.2954462756145686,17,30.73226773226773
588,0.2727272727272727,0.1,1.1000000000000258,0.8412404302889288,11,13.239760239760239
589,0.3333333333333333,0.10000000000000002,0.6000000000004506,0.9669457899748479,39,25.232767232767234
590,0.7,0.1,1.3999999999997852,0.4082205134732774,10,14.2997002997003
591,0.5384615384615384,0.10000000000000002,0.700000000000793,1.038089041854308,26,27.569430569430573
592,0.8888888888888888,0.1,1.7000000000001165,0.7088275436921464,9,14.983016983016984
593,0.7083333333333334,0.10000000000000002,1.3000000000003056,0.7947036884746153,24,25.326673326673326
594,0.44,0.10000000000000002,1.0000000000001075,1.4679209588904276,25,12.722277722277722
595,0.5,0.1,1.7000000000001538,0.5716414262513758,4,14.762237762237762
596,0.42857142857142855,0.10000000000000002,1.8000000000002854,1.9164432043758646,35,24.312687312687313
597,0.5,0.09999999999999999,0.8000000000001133,0.6619863320979932,6,11.404595404595405
598,0.8333333333333334,0.10000000000000002,0.6000000000001849,0.8339350488315019,12,21.939060939060937
599,0.6,0.09999999999999998,0.4000000000000862,1.6811439780834376,50,15.36863136863137
600,0.7058823529411765,0.1,1.4000000000001345,1.5290836045057676,17,16.367632367632368
601,0.5714285714285714,0.09999999999999999,1.0000000000000964,0.8801156223912157,7,12.521478521478521
602,0.8888888888888888,0.1,1.5000000000001568,1.5531410117333837,9,16.22877122877123
603,0.4857142857142857,0.10000000000000002,0.30000000000072974,1.3550369162775893,35,21.714285714285715
604,0.6153846153846154,0.09999999999999999,0.30000000000083815,1.5388948538963836,65,18.016983016983016
605,0.3,0.10000000000000002,1.2999999999990313,1.5036826183285017,20,19.331668331668332
606,0.3333333333333333,0.10000000000000002,0.6999999999972533,0.9350532456828121,12,16.194805194805195
607,0.6875,0.1,1.9000000000003447,1.0977568864239264,16,16.896103896103895
608,0.23529411764705882,0.1,1.1000000000001737,0.8489059790314912,17,25.171828171828174
609,0.6129032258064516,0.10000000000000003,0.9000000000001389,1.7759078988747294,31,13.916083916083917
610,0.3076923076923077,0.10000000000000002,1.4000000000001178,2.1800527141412087,13,14.436563436563436
611,0.25,0.1,1.3000000000001621,1.3666494463763286,8,13.314685314685317
612,0.8181818181818182,0.1,1.7000000000002915,1.0448529383641505,11,15.554445554445554
613,0.8,0.1,1.4000000000002175,0.8720792241029878,5,16.645354645354647
614,0.3125,0.1,1.0999999999999903,0.8107278839060207,16,14.839160839160838
615,0.5714285714285714,0.10000000000000002,0.9000000000000078,1.328488426139296,14,10.246753246753247
616,0.6428571428571429,0.10000000000000002,2.0000000000001705,1.2388240851222894,14,21.88911088911089
617,0.64,0.10000000000000002,0.5000000000001448,0.7337151879933107,25,17.02897102897103
618,0.391304347826087,0.10000000000000003,1.1000000000001642,0.8974845376837111,23,20.064935064935064
619,0.3888888888888889,0.10000000000000002,1.7000000000001436,3.191999177600975,18,14.186813186813186
620,0.8863636363636364,0.09999999999999996,2.400000000000556,1.620367624191468,44,10.08891108891109
621,0.47619047619047616,0.10000000000000002,0.400000000000166,1.0647789551033267,21,22.340659340659343
622,0.375,0.1,1.3000000000000171,2.1353341852388965,16,13.140859140859142
623,0.2857142857142857,0.10000000000000002,1.7000000000006956,0.8244337256768508,14,19.203796203796205
624,0.2222222222222222,0.1,0.7000000000003059,1.2536425508999722,9,13.323676323676324
625,0.5882352941176471,0.1,0.7000000000001982,1.351707946935673,17,18.65834165834166
626,0.7142857142857143,0.09999999999999999,2.0000000000001035,0.7166440185943284,7,12.485514485514486
627,0.8,0.10000000000000003,0.5000000000001091,1.7966081324534249,15,14.934065934065934
628,0.7,0.1,1.0000000000002873,1.306113234853786,10,15.083916083916083
629,0.8085106382978723,0.09999999999999995,1.0000000000002107,0.9167397201176952,47,22.367632367632368
630,0.7142857142857143,0.10000000000000002,0.8000000000001504,2.7588899478767437,14,12.76923076923077
631,0.4,0.10000000000000002,1.0000000000002278,1.9228143205285442,25,22.11888111888112
632,0.15,0.10000000000000002,1.60000000000012,1.2898431352976245,20,11.434565434565435
633,0.5806451612903226,0.10000000000000003,1.2000000000001023,0.9186905016492941,31,12.7012987012987
634,0.3333333333333333,0.10000000000000002,0.9000000000001736,1.251212317401489,3,10.363636363636363
635,0.6428571428571429,0.10000000000000002,0.6000000000001505,0.8006362327214206,28,15.467532467532468
636,0.2,0.10000000000000003,1.500000000000087,1.0706070230320526,15,11.55944055944056
637,0.6666666666666666,0.10000000000000002,1.5000000000000497,2.118865973624945,12,11.32967032967033
638,0.25,0.10000000000000002,0.6000000000000357,2.966626877479186,20,14.334665334665335
639,0.75,0.10000000000000002,1.2999999999998182,1.0500786827888327,12,13.90909090909091
640,0.3333333333333333,0.1,0.5000000000002583,0.9720137263463271,9,16.074925074925076
641,0.32075471698113206,0.09999999999999996,1.2000000000000615,1.0927402140985267,53,20.85114885114885
642,0.5,0.1,0.5000000000000295,0.7976852784664277,10,15.304695304695304
643,0.39285714285714285,0.10000000000000002,1.3000000000002765,0.7218677838357663,28,27.053946053946053
644,0.3333333333333333,0.1,1.2000000000001476,0.9490883443564498,9,11.802197802197803
645,0.18181818181818182,0.1,1.2000000000002324,1.0557686051312951,11,17.24775224775225
646,0.13333333333333333,0.10000000000000003,2.000000000000244,0.5351402138994575,15,19.48051948051948
647,0.9047619047619048,0.10000000000000002,1.700000000000174,0.6884254712469007,21,13.772227772227772
648,0.6666666666666666,0.1,1.200000000000543,1.0477490445281097,9,17.52947052947053
649,0.4,0.1,0.6000000000003802,0.9544954862729945,40,14.675324675324676
650,0.7714285714285715,0.10000000000000002,1.8999999999999517,1.7626875351887583,35,19.482517482517483
651,0.6338028169014085,0.09999999999999996,1.5000000000001255,1.1933240165550028,71,15.66833166833167
652,0.34782608695652173,0.10000000000000003,1.1000000000001902,0.859308675110736,23,18.39060939060939
653,0.7894736842105263,0.10000000000000002,1.2000000000002617,1.4285616247725286,19,19.035964035964035
654,0.7674418604651163,0.09999999999999998,1.0000000000003326,1.9067736225139973,43,21.999000999000998
655,0.5909090909090909,0.10000000000000003,1.1000000000000598,3.749745448679481,22,11.897102897102897
656,0.4,0.1,1.9000000000001893,1.2257586971579517,10,18.644355644355645
657,0.8461538461538461,0.10000000000000002,0.6000000000003534,2.2148094171263355,26,20.504495504495505
658,0.66,0.09999999999999998,2.4000000000003334,2.1811370356946527,50,20.22877122877123
659,0.4117647058823529,0.1,1.7000000000002005,0.8299228812534496,34,17.837162837162836
660,0.3,0.1,0.9000000000002708,1.7721489401169763,10,11.511488511488512
661,1.0,0.1,0.6000000000002621,0.6749943782219388,10,12.021978021978022
662,0.7272727272727273,0.1,1.4000000000007176,1.4470845699890442,11,22.714285714285715
663,0.2692307692307692,0.10000000000000002,1.599999999999972,1.5530270642816584,26,18.16983016983017
664,0.625,0.1,1.3000000000002339,0.7623400370426066,32,25.15084915084915
665,0.7857142857142857,0.10000000000000002,1.400000000000262,0.585870855462345,14,20.2017982017982
666,0.5882352941176471,0.1,1.7000000000006852,2.035395246879416,17,18.948051948051948
667,0.5348837209302325,0.09999999999999998,0.600000000000933,1.6729381456695296,43,28.587412587412587
668,0.75,0.1,0.9000000000001382,1.8432492218761645,4,13.168831168831169
669,0.6666666666666666,0.10000000000000002,1.800000000000238,0.7310853392367449,21,14.727272727272727
670,0.4090909090909091,0.10000000000000003,1.1000000000000603,1.8655159433845456,22,10.95004995004995
671,0.18181818181818182,0.1,2.000000000000164,1.1235086135679755,11,13.094905094905096
672,0.46875,0.1,1.400000000000098,2.732118229529423,32,10.25874125874126
673,1.0,0.1,1.5000000000002007,0.5286105290108616,8,15.182817182817184
674,0.25,0.10000000000000002,1.5000000000010347,0.942799199666014,24,22.0
675,0.6111111111111112,0.10000000000000002,1.7000000000001065,0.888322259737433,36,18.104895104895107
676,0.7384615384615385,0.09999999999999999,0.800000000000409,2.0796509592321266,65,19.974025974025974
677,0.41025641025641024,0.10000000000000002,0.40000000000020475,4.727076274000908,39,18.70829170829171
678,0.6818181818181818,0.09999999999999996,1.200000000000275,1.4535754996751715,44,20.613386613386613
679,0.4230769230769231,0.10000000000000002,0.8000000000002098,1.1065583317239538,26,26.68831168831169
680,0.8888888888888888,0.1,1.900000000000146,1.1300184442794412,9,24.738261738261738
681,0.14285714285714285,0.09999999999999999,2.4000000000002735,1.1834588320295991,7,14.536463536463536
682,0.8333333333333334,0.09999999999999999,4.000000000000051,1.0980393026557147,6,13.001998001998002
683,0.1,0.1,0.8999999999997745,1.3927866802343587,10,14.083916083916083
684,0.4482758620689655,0.10000000000000003,1.4000000000001813,1.11905556959031,29,23.82217782217782
685,0.12903225806451613,0.10000000000000003,2.2000000000001636,1.6515139526667366,31,17.64935064935065
686,0.8148148148148148,0.10000000000000002,2.000000000000184,0.9398756847165148,27,18.275724275724276
687,0.6,0.1,1.8000000000002285,1.0481622235071373,5,16.099900099900097
688,0.34375,0.1,1.5000000000002396,0.8727273804588839,32,35.120879120879124
689,0.5454545454545454,0.1,1.3000000000001186,1.9661699367488883,33,18.841158841158844
690,0.45,0.10000000000000002,1.6000000000002255,1.0507570538489888,20,18.751248751248752
691,0.5428571428571428,0.10000000000000002,1.7000000000002387,1.7077418115151133,35,24.21078921078921
692,0.3333333333333333,0.09999999999999999,1.2000000000001387,1.0467367906195064,6,14.866133866133866
693,0.3333333333333333,0.10000000000000002,1.1000000000001589,0.30926308668378893,3,9.548451548451549
694,0.5918367346938775,0.09999999999999999,0.5000000000002317,1.9601441924193437,49,19.191808191808192
695,0.5652173913043478,0.10000000000000003,1.5000000000001417,0.9528358126215493,23,13.033966033966035
696,0.75,0.10000000000000002,1.5000000000003275,1.1424350546991178,12,15.072927072927072
697,0.725,0.09999999999999999,1.4000000000002355,1.6214301977246783,80,36.532467532467535
698,0.5625,0.1,0.4000000000001429,1.6743279358804064,32,15.733266733266733
699,0.6666666666666666,0.09999999999999999,1.5000000000001665,1.322883154768,72,12.074925074925074
700,0.47058823529411764,0.1,1.5000000000003226,1.2537736679946974,17,19.1008991008991
701,0.2222222222222222,0.1,0.8000000000000926,0.9504687418521218,9,14.993006993006993
702,0.3333333333333333,0.10000000000000002,0.8000000000001397,0.8153235203592591,3,9.717282717282718
703,0.5,0.1,1.0000000000001232,1.9643806972579536,16,14.219780219780219
704,0.6153846153846154,0.10000000000000002,0.8000000000002935,0.8498738073170173,26,23.61838161838162
705,0.3684210526315789,0.10000000000000002,1.2000000000001199,1.1513824687419139,19,19.95804195804196
706,0.5769230769230769,0.09999999999999996,1.1000000000001884,3.26412209447726,52,24.77122877122877
707,0.2222222222222222,0.10000000000000002,1.300000000000104,1.2091979721286819,18,20.455544455544455
708,0.17142857142857143,0.10000000000000002,0.8000000000006774,1.4152839293703334,35,17.054945054945055
709,0.59375,0.1,1.200000000000103,1.9208794225245756,32,11.202797202797203
710,0.36363636363636365,0.10000000000000003,1.6000000000001502,1.8723569081898221,22,17.617382617382617
711,0.6923076923076923,0.10000000000000002,1.6000000000004926,1.88981602923702,26,12.130869130869131
712,0.5714285714285714,0.10000000000000002,1.3000000000001455,0.45983742441513337,14,18.999000999000998
713,0.16666666666666666,0.10000000000000002,2.000000000000506,0.8517325648246513,12,13.321678321678322
714,0.25,0.10000000000000002,0.800000000000213,1.5198163120084063,12,14.982017982017982
715,0.5652173913043478,0.10000000000000003,1.200000000000491,0.6539425305404645,23,22.235764235764236
716,0.7105263157894737,0.10000000000000002,0.7000000000002827,1.288113516700658,38,31.646353646353646
717,0.68,0.09999999999999998,1.3000000000006002,1.6872501171701655,50,23.616383616383615
718,0.4,0.1,1.2000000000001192,1.9459174882194197,5,15.870129870129869
719,0.6666666666666666,0.1,1.9000000000010275,1.3333060944192847,9,13.476523476523475
720,0.625,0.1,1.100000000000112,1.325283214422607,8,9.805194805194805
721,0.5,0.10000000000000002,1.1000000000003958,0.8701897359159915,24,28.607392607392605
722,0.28125,0.1,1.2000000000001751,2.0856083030744106,32,15.126873126873129
723,0.6875,0.1,1.9000000000001775,0.8845018277242409,16,16.853146853146853
724,0.3,0.1,1.1000000000007049,1.975020499427664,10,14.053946053946053
725,0.45454545454545453,0.1,0.9000000000001506,1.0582560887601564,11,26.332667332667334
726,0.2608695652173913,0.10000000000000003,2.2000000000010576,1.0025797617528058,23,15.656343656343656
727,0.5882352941176471,0.1,0.6000000000001684,0.6864155278650101,17,18.98001998001998
728,0.5882352941176471,0.1,1.0000000000005753,0.8489640150399147,17,25.512487512487514
729,0.7045454545454546,0.09999999999999996,0.9000000000002469,1.4996145495627624,44,19.5044955044955
730,0.17857142857142858,0.09999999999999999,1.5000000000004234,2.367938672262489,56,23.27172827172827
731,0.5,0.09999999999999999,0.8000000000008595,0.8181837134436325,6,15.78821178821179
732,0.2,0.1,2.9000000000001114,0.9802722667876648,10,17.442557442557444
733,0.3333333333333333,0.09999999999999999,1.7000000000001343,1.6088554602765786,6,13.805194805194805
734,0.42857142857142855,0.09999999999999996,1.2000000000002427,0.9696075960529019,77,30.54245754245754
735,0.52,0.10000000000000002,1.3000000000005725,1.6326104315905696,25,15.142857142857142
736,0.65625,0.09999999999999999,1.1000000000003731,1.1946701640076984,64,23.885114885114888
737,0.4,0.1,1.0000000000003193,1.054173749497657,10,15.613386613386613
738,0.7291666666666666,0.09999999999999999,0.7000000000003184,1.5000751647521426,48,24.88911088911089
739,0.3888888888888889,0.09999999999999996,1.5000000000002525,1.001435472333107,54,25.06993006993007
740,0.5641025641025641,0.10000000000000002,1.200000000000172,1.026528175391358,39,20.000999000999002
741,0.5384615384615384,0.10000000000000002,1.800000000000333,0.7695341408599432,13,18.066933066933068
742,0.26666666666666666,0.10000000000000003,0.9000000000001601,0.9405051523832089,15,26.77922077922078
743,0.5,0.1,0.8000000000011706,1.051751754590204,4,17.48151848151848
744,0.3333333333333333,0.1,1.000000000001171,0.8896026345869549,9,15.528471528471528
745,0.2857142857142857,0.09999999999999999,1.5000000000001856,1.1565369345109278,7,16.561438561438564
746,0.8333333333333334,0.09999999999999999,1.5999999999978927,1.6415072078297195,6,15.553446553446552
747,0.8333333333333334,0.09999999999999999,2.4000000000007304,0.9616787210664066,6,9.878121878121878
748,0.2727272727272727,0.10000000000000003,0.10000000000022316,0.7287855314539127,22,23.157842157842158
749,0.7272727272727273,0.1,0.800000000000082,0.6604310826528572,11,19.614385614385615
750,0.3684210526315789,0.10000000000000002,1.4000000000002406,1.4219767558281426,19,17.013986013986013
751,0.3333333333333333,0.10000000000000002,1.3000000000005534,1.3372356418951201,21,16.397602397602398
752,0.2,0.1,0.7000000000001484,0.5849619372192395,5,16.193806193806196
753,0.6,0.10000000000000002,1.5000000001346763,0.901985134032322,20,28.59240759240759
754,0.23076923076923078,0.10000000000000002,1.2000000000001618,0.8374011876365756,13,14.836163836163838
755,0.4,0.1,0.9000000000000983,1.1959584156114762,5,11.457542457542457
756,0.5074626865671642,0.09999999999999998,1.6000000000000472,1.4740599124540668,67,18.443556443556446
757,0.2222222222222222,0.10000000000000002,0.9000000000001392,1.201609575289431,18,13.205794205794206
758,0.9230769230769231,0.10000000000000002,2.200000000000165,1.7279858465158415,13,17.74125874125874
759,0.42857142857142855,0.10000000000000002,0.4000000000004843,0.8719346072706124,35,14.320679320679321
760,0.3548387096774194,0.10000000000000003,0.5000000000003001,1.4798799041864337,31,18.132867132867133
761,0.7777777777777778,0.10000000000000002,1.100000000000432,0.982707531855943,27,16.030969030969032
762,1.0,0.1,1.100000000000153,0.723570502683218,4,10.463536463536464
763,0.1875,0.1,0.7000000000016234,1.6670585816498837,16,12.653346653346652
764,0.5,0.10000000000000003,1.1000000000004484,1.2208089727203948,22,13.378621378621379
765,0.8,0.1,0.9000000000009385,0.7673182797340437,10,18.04995004995005
766,0.7297297297297297,0.10000000000000002,1.200000000000137,1.0932494299330588,37,20.86813186813187
767,0.5454545454545454,0.1,0.9000000000005323,1.2192083499208897,11,17.547452547452547
768,0.42857142857142855,0.09999999999999999,0.9000000000001209,0.42315625296966,7,9.732267732267733
769,0.5,0.09999999999999999,0.5000000000005277,1.1591870587815236,6,11.447552447552447
770,0.15384615384615385,0.10000000000000002,1.2000000000003705,1.265172867378939,13,18.828171828171826
771,0.2916666666666667,0.10000000000000002,0.7000000000007023,1.633671001204049,24,18.6013986013986
772,0.36585365853658536,0.09999999999999999,1.2000000000003113,0.9812952390804847,41,19.722277722277724
773,0.23076923076923078,0.10000000000000002,0.8000000000001214,1.4011482332453435,13,19.656343656343658
774,0.4,0.1,0.6999999999998852,1.8832722817712078,10,12.748251748251748
775,0.5,0.1,1.5000000000002025,1.186999297806275,10,14.350649350649352
776,0.2222222222222222,0.10000000000000002,1.9000000000002448,0.5376259680873571,18,23.52147852147852
777,0.6896551724137931,0.10000000000000003,1.7000000000009066,1.1068720095044147,29,19.003996003996004
778,0.2222222222222222,0.1,1.0000000000003104,0.9497654672233862,9,18.716283716283716
779,0.7037037037037037,0.10000000000000002,1.7000000000003765,1.1240869366395354,27,30.50849150849151
780,0.525,0.1,1.3000000000003054,1.8147982758961372,40,20.891108891108892
781,0.76,0.10000000000000002,0.8000000000002125,1.044511613753123,25,15.587412587412587
782,0.3333333333333333,0.09999999999999999,1.700000000000182,0.8178525427411989,6,12.74025974025974
783,0.5714285714285714,0.10000000000000002,0.3000000000001906,0.8496023882048906,14,20.057942057942057
784,0.6615384615384615,0.09999999999999999,0.7000000000004064,1.2571558616372198,65,22.085914085914087
785,0.42105263157894735,0.10000000000000002,2.1000000000004198,1.155591561204756,19,18.997002997002994
786,0.7692307692307693,0.10000000000000002,1.6000000000007728,4.118559515888283,39,17.17182817182817
787,0.7333333333333333,0.10000000000000003,2.000000000000242,0.817828512537142,15,27.000999000999002
788,0.3333333333333333,0.10000000000000002,1.4000000000002104,1.5655026100075968,21,19.861138861138862
789,0.5833333333333334,0.10000000000000002,1.5000000000002336,1.9844564657998103,36,19.35864135864136
790,0.66,0.09999999999999998,1.8000000000003133,1.4218950714271203,50,19.767232767232766
791,0.5555555555555556,0.1,1.3000000000001708,0.5833176704238224,9,22.123876123876123
792,0.8157894736842105,0.10000000000000002,0.3000000000001416,2.1071230807850103,38,21.28771228771229
793,0.7272727272727273,0.09999999999999995,0.600000000000273,1.319761018580455,55,24.216783216783217
794,0.625,0.1,1.2000000000002589,0.31705458915842266,8,18.3006993006993
795,0.7272727272727273,0.10000000000000003,0.6000000000003923,1.6790800267165273,22,14.634365634365633
796,0.3333333333333333,0.09999999999999999,1.4000000000002586,1.3743152176774363,48,25.766233766233764
797,0.68,0.10000000000000002,1.3000000000002268,1.1738213416455376,25,24.616383616383615
798,0.6382978723404256,0.09999999999999995,1.1000000000001555,2.053194555960914,47,17.071928071928074
799,0.3333333333333333,0.10000000000000002,1.0000000000001465,0.6603137864610127,18,19.87212787212787
800,0.3333333333333333,0.10000000000000002,1.500000000000353,1.5474825364651876,3,15.126873126873127
801,0.5,0.1,1.9000000000001287,0.8126171468247865,16,13.924075924075924
802,0.5714285714285714,0.09999999999999999,1.7000000000009663,0.7829998324857393,7,13.853146853146853
803,0.8181818181818182,0.10000000000000003,3.8000000000001517,1.7316969639971758,22,18.31968031968032
804,0.5833333333333334,0.10000000000000002,0.4000000000000184,0.874654694291623,12,15.386613386613387
805,0.3695652173913043,0.09999999999999995,1.6000000000002705,1.2548706413935562,46,30.026973026973028
806,0.36363636363636365,0.10000000000000003,1.3000000000004193,0.6616054567887932,22,21.44055944055944
807,0.16666666666666666,0.09999999999999999,2.2000000000001565,1.3808479251030488,6,12.156843156843156
808,0.34375,0.1,1.000000000000373,1.2629224690812806,32,24.74625374625375
809,0.5,0.1,0.9000000000001661,1.127848465391246,8,19.064935064935064
810,0.45,0.10000000000000002,1.3000000000001255,2.098348968990199,20,13.765234765234766
811,0.4,0.10000000000000003,0.700000000000964,1.0120437988559678,15,13.415584415584416
812,0.4,0.1,1.3000000000006686,0.6693222233507573,5,14.777222777222779
813,0.6976744186046512,0.09999999999999998,0.9000000000000732,1.1795822558966922,43,11.643356643356643
814,0.5070422535211268,0.09999999999999996,1.100000000000161,1.4278519027234693,71,18.526473526473524
815,1.0,0.10000000000000002,0.9000000000003048,1.0129566653489979,3,19.163836163836162
816,0.3333333333333333,0.10000000000000002,1.9000000000002875,0.7011632291685235,18,25.093906093906092
817,0.3333333333333333,0.10000000000000003,0.5000000000002254,1.4940834923389865,30,22.186813186813186
818,0.8518518518518519,0.10000000000000002,2.3000000000002694,0.7589246681243259,27,15.842157842157842
819,0.16129032258064516,0.10000000000000003,2.6000000000009504,1.9620857817893522,31,14.666333666333667
820,0.5671641791044776,0.09999999999999998,1.2000000000001332,1.909494711072909,67,16.42757242757243
821,0.6875,0.09999999999999999,0.4000000000002497,1.3727094605175008,64,23.03896103896104
822,1.0,0.10000000000000002,4.200000000000182,2.224110478564051,14,14.919080919080919
823,0.7,0.10000000000000002,1.0000000000003721,0.8678516567260253,20,21.035964035964035
824,0.6190476190476191,0.10000000000000002,1.1000000000019337,0.9120869734978437,21,27.396603396603396
825,0.1590909090909091,0.09999999999999996,2.3999999999988817,1.9694825027455847,44,25.025974025974026
826,0.6521739130434783,0.10000000000000003,1.3000000000003264,1.1144694111202122,23,25.211788211788214
827,0.5,0.1,1.2000000000000945,0.8718428707249327,4,7.473526473526473
828,0.4827586206896552,0.10000000000000003,1.699999999999911,1.9007128560617956,29,11.195804195804195
829,0.64,0.10000000000000002,1.300000000000126,1.6973020599666295,25,12.211788211788212
830,0.29411764705882354,0.1,1.8000000000002547,0.8107868862213637,17,26.906093906093908
831,0.42857142857142855,0.10000000000000002,1.6000000000002141,2.4114030072030794,14,17.89010989010989
832,0.75,0.10000000000000002,1.8000000000002094,0.9428744594203723,20,13.76923076923077
833,0.5714285714285714,0.09999999999999998,1.9000000000001762,1.026092153660123,42,25.02997002997003
834,0.5,0.09999999999999999,1.199999999999967,1.1338155206492353,6,11.845154845154845
835,0.42857142857142855,0.09999999999999999,1.0000000000003222,1.0121225154544524,7,17.6013986013986
836,0.36363636363636365,0.1,0.8000000000001292,0.904395046090691,11,15.421578421578422
837,0.5454545454545454,0.1,1.5000000000001277,0.6444811116212855,11,12.293706293706293
838,0.5217391304347826,0.09999999999999995,1.600000000000209,0.7454269471632426,46,22.600399600399598
839,0.47058823529411764,0.1,1.800000000000085,1.1664603986278776,17,16.474525474525475
840,0.42424242424242425,0.1,0.8000000000001966,1.3375098612026406,33,26.48151848151848
841,0.4,0.10000000000000003,1.499999999993193,2.158820651636898,30,18.15184815184815
842,0.6097560975609756,0.09999999999999999,1.600000000000219,1.1574839376749315,41,21.8991008991009
843,0.0,0.1,2.4000000000002375,1.7812405032540894,8,17.775224775224775
844,0.7727272727272727,0.10000000000000003,0.90000000000026,0.9043314923281455,22,17.39060939060939
845,0.5,0.1,0.9000000000001551,2.2931409850386926,10,13.135864135864136
846,0.1875,0.1,0.9000000000003519,0.9931493753722496,16,13.626373626373628
847,0.6551724137931034,0.10000000000000003,1.3000000000004532,1.1134086804546772,29,30.61438561438561
848,0.3055555555555556,0.10000000000000002,1.4000000000003774,0.8426461661804541,36,27.71928071928072
849,0.6,0.1,1.4000000000000217,0.6748222373242444,5,8.52847152847153
850,0.3333333333333333,0.09999999999999999,1.000000000000171,0.7696110234110817,6,15.086913086913087
851,0.6666666666666666,0.10000000000000003,1.0000000000001847,1.2924011141533334,15,13.148851148851149
852,0.3333333333333333,0.09999999999999996,1.800000000000475,1.3043492324823687,54,23.15284715284715
853,0.6818181818181818,0.10000000000000003,1.5000000000003462,1.5195403614358185,22,18.021978021978022
854,0.8095238095238095,0.10000000000000002,1.5000000000007678,0.8280355620905953,21,24.96203796203796
855,0.14285714285714285,0.10000000000000002,1.1000000000004033,1.8745856271835672,28,21.51248751248751
856,0.2857142857142857,0.09999999999999999,0.9000000000002386,1.9337382856106669,56,20.070929070929072
857,0.38095238095238093,0.10000000000000002,1.0000000000001454,0.5932613691048113,21,18.577422577422578
858,0.45161290322580644,0.10000000000000003,0.6000000000002186,1.1363808933665946,31,21.90709290709291
859,0.3,0.1,1.7000000000001332,0.6315836798665602,10,17.176823176823177
860,0.8571428571428571,0.09999999999999999,1.3999999999923733,0.3920803078518114,7,15.786213786213787
861,0.25,0.1,1.9000000000001824,1.4227253743522152,4,13.89010989010989
862,0.7142857142857143,0.09999999999999999,1.6999999999998336,1.5476117092201018,7,12.93106893106893
863,0.35384615384615387,0.09999999999999999,1.3000000000002183,1.456288404470925,65,23.689310689310688
864,0.5625,0.1,1.1000000000002013,0.7646812394884298,16,10.666333666333667
865,0.5,0.10000000000000003,1.6000000000002061,2.499709986349107,30,24.824175824175825
866,0.6,0.10000000000000003,0.9000000000001644,0.5468584817925873,15,18.443556443556446
867,0.2727272727272727,0.1,0.8000000000002743,1.54842234166072,11,19.327672327672328
868,0.56,0.10000000000000002,1.000000000000219,1.3711454447633584,25,21.583416583416582
869,0.45454545454545453,0.1,0.8000000000001759,1.2153887270905348,33,22.61838161838162
870,0.7647058823529411,0.1,2.400000000000263,0.744460034284728,17,21.210789210789212
871,0.6363636363636364,0.1,1.3000000000001324,0.5991874736519687,11,10.517482517482517
872,0.6190476190476191,0.10000000000000002,2.0000000000001523,1.42141186901622,21,19.730269730269733
873,0.2,0.1,2.000000000000256,4.749501816880631,5,11.817182817182818
874,0.21875,0.09999999999999999,0.700000000000562,1.2173146324414368,64,27.002997002997002
875,0.20833333333333334,0.10000000000000002,1.2000000000002213,0.967373729670749,24,20.57642357642358
876,0.5319148936170213,0.09999999999999995,1.2000000000003093,1.3804944723878796,47,24.891108891108892
877,0.32142857142857145,0.10000000000000002,1.0999999999987247,1.546115758871977,28,15.462537462537462
878,0.6,0.1,1.2000000000006326,1.3940464375504986,10,17.43856143856144
879,0.6363636363636364,0.1,0.4000000000001891,1.2603066442109874,11,21.115884115884114
880,0.2777777777777778,0.10000000000000002,0.20000000000011467,1.694536612597944,18,9.261738261738262
881,0.6486486486486487,0.10000000000000002,0.7000000000001477,2.1586243690819087,37,14.482517482517483
882,0.6451612903225806,0.10000000000000003,1.100000000000188,0.6442912089417437,31,14.481518481518481
883,0.47058823529411764,0.1,1.500000000000334,3.368732487873384,17,15.222777222777223
884,0.7105263157894737,0.10000000000000002,1.2000000000004662,1.8480330062294286,38,28.08091908091908
885,0.7368421052631579,0.10000000000000002,0.5000000000004291,0.8540115480993705,19,26.034965034965037
886,0.8333333333333334,0.09999999999999999,0.8000000000001561,0.9451559955293716,6,18.386613386613387
887,0.38461538461538464,0.10000000000000002,0.9000000000002715,0.7547958062778789,26,17.08891108891109
888,0.8461538461538461,0.10000000000000002,1.2000000000000635,1.599598591179364,13,17.312687312687313
889,0.5714285714285714,0.09999999999999999,1.3000000000002347,0.8070993287915457,7,20.583416583416582
890,0.46153846153846156,0.10000000000000002,0.9000000000007746,1.0985198734711887,13,24.291708291708293
891,0.5714285714285714,0.09999999999999999,0.40000000000013525,1.4519415035863563,7,13.730269730269729
892,0.41379310344827586,0.10000000000000003,1.0000000000001688,0.6099379257907923,29,23.243756243756245
893,0.25,0.10000000000000002,1.4000000000001607,1.867429185225177,20,21.44955044955045
894,0.7777777777777778,0.10000000000000002,2.400000000000418,0.9314047200363722,18,24.42957042957043
895,0.7419354838709677,0.10000000000000003,1.7999999999999625,2.3219790300582295,31,12.721278721278722
896,0.21052631578947367,0.10000000000000002,2.0000000000000253,4.09854846196819,19,11.355644355644355
897,0.16666666666666666,0.10000000000000002,0.6000000000000919,0.9219736573470039,12,10.258741258741258
898,0.3103448275862069,0.10000000000000003,1.4000000000000494,3.762655879697319,29,28.01298701298701
899,1.0,0.1,1.0000000000001297,1.1670043438618518,10,15.448551448551449
900,0.7857142857142857,0.10000000000000002,2.2000000000001485,1.2153740926402201,14,13.741258741258742
901,0.0,,1.799999999999986,,0,10.68931068931069
902,0.76,0.10000000000000002,0.9000000000003616,2.2513230620311897,25,18.84715284715285
903,0.6363636363636364,0.1,1.200000000000131,1.3685715118491126,11,18.18181818181818
904,0.6666666666666666,0.10000000000000003,1.100000000000159,3.207599962979863,30,22.07192807192807
905,0.41379310344827586,0.09999999999999998,1.0000000000002622,1.464879677178208,58,23.740259740259738
906,0.3684210526315789,0.10000000000000002,1.0000000000004845,0.804057702101218,19,22.862137862137864
907,0.34375,0.1,1.2000000000005808,2.387283764321429,32,15.003996003996004
908,0.25,0.1,1.2000000000002295,0.5096118542062804,16,18.93806193806194
909,0.5757575757575758,0.1,1.0000000000002052,2.0432640408345244,33,20.783216783216783
910,0.6730769230769231,0.09999999999999996,1.0000000000019125,1.8019655685713032,52,18.953046953046954
911,0.6666666666666666,0.09999999999999999,0.600000000000093,0.7057138671939428,6,13.05094905094905
912,0.5555555555555556,0.1,0.7000000000001508,1.2517591556631464,9,15.537462537462538
913,0.25,0.10000000000000002,0.40000000000017166,1.6058521446709018,24,17.91908091908092
914,0.8,0.1,0.6000000000002084,0.9668965793027539,5,20.76923076923077
915,0.6268656716417911,0.09999999999999998,1.0000000000002425,1.3633931863570659,67,20.25074925074925
916,0.3888888888888889,0.10000000000000002,0.8000000000002812,1.2074199474784915,18,11.347652347652348
917,0.6666666666666666,0.1,1.6000000000000605,0.5282527784762079,9,7.7272727272727275
918,0.5,0.1,0.4000000000000511,0.5064131078410463,4,9.848151848151849
919,0.3333333333333333,0.1,1.3000000000005056,1.1408433265719184,9,14.802197802197801
920,0.5238095238095238,0.10000000000000002,0.5000000000001529,0.9355042421636148,21,22.506493506493506
921,0.25,0.10000000000000002,1.5000000000001203,1.4258361233213923,12,12.907092907092906
922,0.14285714285714285,0.10000000000000002,0.5000000000002093,1.0525582806348928,14,19.119880119880122
923,0.45454545454545453,0.1,1.3000000000002416,0.4426394017594783,11,18.79220779220779
924,0.7222222222222222,0.10000000000000002,0.600000000001002,0.9299046898396058,18,16.664335664335663
925,0.5217391304347826,0.10000000000000003,1.2000000000003452,0.7357264870113692,23,33.50749250749251
926,0.35294117647058826,0.1,1.100000000000216,1.5094173701002829,34,17.840159840159842
927,0.25,0.1,1.100000000000176,0.848098517736047,4,12.402597402597403
928,0.68,0.10000000000000002,2.0000000000001723,1.0656677706760505,25,28.84915084915085
929,0.9090909090909091,0.1,1.900000000000067,1.198939771981228,11,8.732267732267733
930,0.5714285714285714,0.10000000000000002,1.200000000000146,1.5443582609407118,14,15.776223776223777
931,0.5526315789473685,0.10000000000000002,1.500000000000139,2.4365188924459997,38,16.57842157842158
932,0.6923076923076923,0.10000000000000002,0.8000000000001958,0.6318667065457773,13,15.103896103896105
933,0.5666666666666667,0.10000000000000003,1.200000000000065,1.892869088964156,30,15.189810189810188
934,0.7619047619047619,0.10000000000000002,0.8000000000003556,1.1489416202735285,21,17.823176823176823
935,0.8181818181818182,0.1,1.000000000000186,1.5127085967232476,33,15.694305694305694
936,0.5555555555555556,0.1,1.2000000000000473,0.6425334680491911,9,15.686313686313685
937,0.45454545454545453,0.1,1.0000000000001532,2.326875611423498,11,10.875124875124875
938,0.6875,0.1,2.0000000000001763,1.9456081797705278,16,13.826173826173825
939,1.0,0.10000000000000002,1.8000000000000553,0.6967591188675822,3,7.895104895104895
940,0.8157894736842105,0.10000000000000002,1.7000000000003375,3.1479903467778327,38,22.756243756243755
941,0.7142857142857143,0.09999999999999999,1.2000000000008428,1.086041778024125,7,13.24975024975025
942,0.5333333333333333,0.10000000000000003,1.0000000000000657,3.5526841056961476,15,12.154845154845155
943,0.75,0.10000000000000002,1.0000000000000704,1.4398604844315497,24,9.290709290709291
944,0.7272727272727273,0.1,1.2000000000006772,1.6487734572137533,33,22.59340659340659
945,0.6363636363636364,0.10000000000000003,1.2000000000001938,0.7995109618592302,22,15.019980019980018
946,0.45454545454545453,0.1,1.2999999999924938,0.6853141961482425,11,20.3006993006993
947,0.3333333333333333,0.10000000000000002,1.0000000000000808,0.9700705118657317,12,13.374625374625374
948,0.6153846153846154,0.10000000000000002,1.1000000000002619,1.247313157642265,13,17.435564435564437
949,0.42857142857142855,0.09999999999999999,1.6000000000009211,1.2034200337292638,7,11.405594405594405
950,0.8333333333333334,0.09999999999999999,1.2000000000001578,1.9349989489959094,6,13.013986013986013
951,0.7666666666666667,0.10000000000000003,1.2000000000001934,0.9445383659470438,30,19.334665334665335
952,0.42857142857142855,0.09999999999999999,0.4999999999999577,0.46948688071774114,7,14.51948051948052
953,0.4444444444444444,0.1,1.1000000000001011,0.8893026785175194,9,15.878121878121878
954,0.3333333333333333,0.10000000000000002,1.5000000000001776,1.4980773486554493,27,20.628371628371628
955,0.42857142857142855,0.10000000000000002,0.4000000000001306,0.6185703931407854,14,9.9000999000999
956,0.46511627906976744,0.09999999999999998,1.4000000000002308,2.077196539316505,43,13.957042957042958
957,0.55,0.10000000000000002,1.7000000000003652,1.3727413561473993,20,23.231768231768232
958,0.8571428571428571,0.09999999999999999,0.6999999999999321,1.4166243895858082,7,7.8191808191808185
959,0.3333333333333333,0.1,0.2000000000001741,0.8818412878102837,9,24.732267732267733
960,0.6666666666666666,0.10000000000000002,0.9000000000002214,1.3185553642011534,18,23.167832167832167
961,0.47619047619047616,0.10000000000000002,1.0000000000002145,1.2703307018930512,21,15.188811188811188
962,0.75,0.10000000000000002,1.0000000000001643,1.9515559391666053,20,13.737262737262737
963,0.23333333333333334,0.10000000000000003,1.6000000000004264,0.6018206905393837,30,29.45254745254745
964,0.5735294117647058,0.09999999999999998,1.400000000000209,1.433979754096501,68,20.790209790209794
965,0.5384615384615384,0.10000000000000002,1.5000000000002172,1.8786613087424813,13,19.515484515484516
966,0.4074074074074074,0.09999999999999996,0.9000000000000821,2.159246002130629,54,11.99100899100899
967,1.0,0.1,1.5000000000002305,0.803775296098142,5,17.966033966033965
968,1.0,0.10000000000000002,1.000000000000214,0.5458533001879305,3,11.7012987012987
969,0.6153846153846154,0.10000000000000002,1.2000000000002187,0.7625525156404181,13,17.194805194805195
970,0.6,0.1,0.6000000000002362,0.5373620829199807,5,11.243756243756243
971,0.3,0.1,1.1000000000000623,0.6820133721163375,10,15.124875124875125
972,0.48,0.10000000000000002,1.200000000000401,1.8315441164232649,25,17.030969030969032
973,0.4090909090909091,0.10000000000000003,1.4000000000001247,2.07688130814598,22,15.924075924075925
974,0.0,0.1,0.8000000000002006,2.0824375965670106,2,13.833166833166832
975,1.0,0.09999999999999999,2.100000000000152,1.0367082754675245,6,16.092907092907094
976,0.75,0.1,0.6000000000001535,1.4442418228457132,8,14.040959040959041
977,0.3076923076923077,0.10000000000000002,1.899999999999942,1.5141835064236244,13,14.152847152847153
978,0.5,0.10000000000000002,1.000000000000163,1.5286161091422186,12,16.30969030969031
979,0.5,0.09999999999999999,1.000000000000136,1.065093882343597,6,8.231768231768232
980,0.5714285714285714,0.10000000000000002,1.0000000000001457,0.9105401655755706,14,12.662337662337663
981,0.3333333333333333,0.10000000000000002,1.2000000000002096,1.1542559069490956,12,23.24075924075924
982,0.7941176470588235,0.1,0.5000000000001673,1.4465586723312622,34,15.47952047952048
983,0.17647058823529413,0.1,1.1000000000002281,1.183208745625934,34,17.32167832167832
984,0.4482758620689655,0.10000000000000003,0.8000000000000949,1.1972020449010403,29,15.776223776223777
985,0.6410256410256411,0.10000000000000002,0.9000000000007768,1.2369317374782636,39,12.354645354645355
986,0.65625,0.1,1.4000000000008619,1.5162863799600537,32,13.966033966033965
987,0.0,,1.5000000000001903,,0,14.38961038961039
988,0.25,0.10000000000000002,1.1000000000001862,1.1813326208005617,24,22.61438561438561
989,0.5581395348837209,0.09999999999999998,1.7000000000000688,1.1811419499198599,43,23.484515484515484
990,0.5333333333333333,0.09999999999999998,1.1000000000002026,0.9695718490563346,75,28.802197802197803
991,0.43333333333333335,0.10000000000000003,0.6000000000002638,1.6707467965687475,30,23.93106893106893
992,0.2,0.10000000000000002,1.100000000000208,1.0071514796112435,25,18.963036963036963
993,0.5238095238095238,0.10000000000000002,1.2000000000001945,1.9131614044817864,21,13.915084915084915
994,0.2962962962962963,0.10000000000000002,0.7000000000001935,2.21974642852345,27,16.78021978021978
995,0.4583333333333333,0.10000000000000002,1.1000000000002124,1.3450493765346108,24,20.286713286713287
996,0.2777777777777778,0.10000000000000002,2.500000000000239,0.9403035972745221,18,19.715284715284717
997,0.0,0.1,1.1000000000000103,0.5084522776857793,2,9.162837162837164
998,0.2631578947368421,0.10000000000000002,1.6000000000002768,0.7272425398930045,19,16.908091908091908
999,0.38461538461538464,0.10000000000000002,1.5000000000005365,1.4074459133946002,13,17.89010989010989
